State,Year,Commercial,Electric Power,Industrial,Population,Residential,Transportation
Alabama,1990,2.42905961,50.27912291,25.15260302,"4,050,055",3.090437994,28.13211289
Alabama,1991,1.999039181,54.17572092,25.35642866,"4,099,156",3.015759107,28.69669902
Alabama,1992,2.10271026,56.93123865,28.35753465,"4,154,014",3.203561102,29.38596629
Alabama,1993,2.050459531,62.81750371,26.18251082,"4,214,202",3.420544658,29.51122185
Alabama,1994,2.054953587,58.81594081,27.12284387,"4,260,229",3.301291875,30.66061877
Alabama,1995,1.962635606,64.40742034,27.83579769,"4,296,800",3.311795951,32.15012816
Alabama,1996,2.16116966,69.57749278,28.69560786,"4,331,102",3.726128311,31.54043078
Alabama,1997,2.41725419,67.96935336,28.71109015,"4,367,935",3.342523608,31.16940035
Alabama,1998,1.903053976,68.93072565,25.53367821,"4,404,701",3.107526768,31.77765917
Alabama,1999,2.187002963,70.05937282,25.69769616,"4,430,141",3.311441421,32.16014285
Alabama,2000,2.249259264,74.89726339,25.05669072,"4,447,100",3.659040878,33.54666855
Alabama,2001,2.163411252,72.16981157,21.67986136,"4,467,634",3.531741702,31.50646673
Alabama,2002,1.992450203,75.61479855,21.66985636,"4,480,089",3.241810682,33.50170931
Alabama,2003,2.089619089,76.33260667,22.87043509,"4,503,491",3.082443039,32.22753484
Alabama,2004,2.156909764,75.84225401,23.29474997,"4,530,729",2.975717981,35.0389334
Alabama,2005,1.845364474,79.45518208,21.8356008,"4,569,805",2.71552007,34.9750812
Alabama,2006,2.221401682,81.74055834,21.39072107,"4,628,981",2.500806428,35.59589794
Alabama,2007,1.987871607,83.99531856,20.88349745,"4,672,840",2.368922837,36.14558254
Alabama,2008,2.00558636,79.22448094,20.6289889,"4,718,206",2.523544719,34.08755017
Alabama,2009,1.911421108,65.02485862,17.27462164,"4,757,938",2.491174728,32.68519566
Alabama,2010,2.106000397,75.16996481,18.46710183,"4,779,736",2.829480521,33.52332015
Alaska,1990,2.197296908,2.606027295,15.82846658,"553,290",1.580325003,12.09042723
Alaska,1991,2.232936673,2.464171257,17.43604242,"570,193",1.597609887,11.16871138
Alaska,1992,2.514159057,2.293175863,18.87355424,"588,736",1.742956743,10.8591926
Alaska,1993,2.560881642,2.318982598,18.50589877,"599,432",1.731158676,11.0268453
Alaska,1994,2.58599206,2.332361018,18.06131079,"603,308",1.773314557,11.19399207
Alaska,1995,2.501824075,2.40993258,21.43899297,"604,412",1.812679163,12.33479388
Alaska,1996,2.710370929,2.531789806,22.526757,"608,569",1.79586725,12.0104097
Alaska,1997,2.562720972,2.735766453,21.16732835,"612,968",1.70303391,13.48820666
Alaska,1998,2.666850538,2.907414301,21.66127893,"619,932",1.650976693,13.75329197
Alaska,1999,2.824665119,3.012661663,20.57969202,"624,779",1.950547069,14.81653411
Alaska,2000,2.690273752,3.159730701,20.52627572,"626,932",1.737993441,15.7204083
Alaska,2001,2.486117392,3.240643556,20.63419329,"633,714",1.805080456,14.72566241
Alaska,2002,2.066354177,3.256835105,21.07938174,"642,337",1.621757086,15.02941515
Alaska,2003,1.931954286,2.97254043,20.78751316,"648,414",1.641573247,15.6907385
Alaska,2004,2.207944592,3.156847441,20.02034596,"659,286",1.799170719,19.14519083
Alaska,2005,2.12050037,3.22299711,21.42456743,"666,946",1.767700189,18.9751586
Alaska,2006,2.419091739,3.467443591,18.40123453,"675,302",2.152499643,19.13434042
Alaska,2007,2.195779223,3.261310615,18.5583478,"680,300",1.84930611,18.03616793
Alaska,2008,2.264648815,3.253488115,16.47857773,"687,455",1.854560334,15.41368614
Alaska,2009,2.138051151,3.137796989,16.83555452,"698,895",1.861631548,13.61844934
Alaska,2010,2.530072323,3.030174383,16.09860419,"710,231",1.796302432,14.99549633
Arizona,1990,1.899724989,32.52174932,3.861070754,"3,684,097",1.826600543,22.83456638
Arizona,1991,1.832979252,32.75719663,3.918609093,"3,788,576",1.889313054,23.3602381
Arizona,1992,1.776843394,35.36537838,3.925070103,"3,915,740",1.754703345,23.73523371
Arizona,1993,1.738699538,36.58383217,3.941926154,"4,065,440",1.713540844,25.05159577
Arizona,1994,1.828961154,38.01339995,4.343487612,"4,245,089",1.799027333,25.7095306
Arizona,1995,1.79267051,32.2963261,4.677597301,"4,432,499",1.689254912,26.16595917
Arizona,1996,1.87596855,32.292012,4.862292635,"4,586,940",1.654429803,27.79575068
Arizona,1997,1.978731074,34.99806985,4.970828195,"4,736,990",1.839840453,27.81932857
Arizona,1998,2.279443634,36.86782243,4.697777348,"4,883,342",2.165388053,29.99823887
Arizona,1999,2.203827276,39.3911127,4.792250939,"5,023,823",2.077321333,31.66679851
Arizona,2000,2.19317704,44.25450129,4.764452974,"5,130,632",2.127139201,32.47131348
Arizona,2001,2.086307214,45.49862793,4.858617954,"5,273,477",2.186488247,33.52605753
Arizona,2002,2.165857716,44.52768522,4.326534012,"5,396,255",2.162166255,34.36446609
Arizona,2003,2.040290693,45.66136067,4.048593781,"5,510,364",2.129220976,35.25200841
Arizona,2004,2.01981779,51.22987453,4.596972846,"5,652,404",2.237840202,36.31895584
Arizona,2005,2.004688402,50.34927842,5.03516989,"5,839,077",2.125826755,36.99617098
Arizona,2006,2.034765783,52.28255073,5.09218316,"6,029,141",2.147214287,38.24654175
Arizona,2007,2.121553005,54.71881733,4.915030449,"6,167,681",2.26997687,37.92909033
Arizona,2008,2.420103684,57.10940899,5.38599122,"6,280,362",2.411500108,35.53788092
Arizona,2009,2.215278998,51.99799239,4.315367137,"6,343,154",2.176942493,33.67795068
Arizona,2010,2.37675801,53.87430502,4.817550782,"6,392,017",2.321389481,32.21692348
Arkansas,1990,1.620642407,21.59663027,9.350442233,"2,356,586",2.52177823,16.1560991
Arkansas,1991,1.629577131,21.73690311,8.066898042,"2,383,144",2.575407218,16.29614345
Arkansas,1992,1.586106323,22.11436771,9.562616722,"2,415,984",2.454788533,16.21673013
Arkansas,1993,1.812628166,19.80120032,9.66133749,"2,456,303",2.83637291,17.01673159
Arkansas,1994,1.748302126,22.03751377,10.46367096,"2,494,019",2.630947619,18.13057876
Arkansas,1995,1.795240688,23.96353649,11.39746269,"2,535,399",2.708858906,18.4881546
Arkansas,1996,1.902025934,26.20868821,11.17569599,"2,572,109",2.861105116,18.851798
Arkansas,1997,1.79313508,24.54110918,11.57075863,"2,601,090",2.646036055,19.42796632
Arkansas,1998,1.752452427,25.46810182,11.43234091,"2,626,289",2.345694063,19.653801
Arkansas,1999,1.786620204,26.51662691,10.88670665,"2,651,860",2.65858878,20.87770614
Arkansas,2000,2.105655466,26.15533975,10.95150386,"2,673,400",2.909536575,20.96715382
Arkansas,2001,2.137309486,26.69820947,10.9634195,"2,691,571",2.649908016,19.80638701
Arkansas,2002,2.131977001,25.28601969,10.52903623,"2,705,927",2.616024356,20.42508685
Arkansas,2003,2.170548933,26.06245599,10.55264128,"2,724,816",2.482713581,20.18360341
Arkansas,2004,2.020417727,26.88389385,10.28374731,"2,749,686",2.247257672,20.6633293
Arkansas,2005,2.12248449,25.05256182,9.929935993,"2,781,097",2.150469752,20.66625461
Arkansas,2006,1.874440704,27.16531539,10.07719872,"2,821,761",2.067099471,20.69587991
Arkansas,2007,1.861461919,28.31419576,9.890892344,"2,848,650",2.090780761,21.16532995
Arkansas,2008,2.172759078,28.73103084,9.809889225,"2,874,554",2.336878935,20.82112337
Arkansas,2009,2.504189058,28.58173006,8.061211956,"2,896,843",2.205496087,20.35210523
Arkansas,2010,2.567036637,32.03267995,8.853602743,"2,915,918",2.315044243,20.41882586
California,1990,18.95532405,40.17557173,71.61567248,"29,959,515",29.46993314,202.7633518
California,1991,19.11035499,37.95346238,72.99930653,"30,470,736",29.24804004,192.0150634
California,1992,17.41741508,45.52784494,73.28858612,"30,974,659",27.20032257,192.072103
California,1993,15.51217424,41.92618617,70.53252344,"31,274,928",28.78914171,188.8281773
California,1994,15.90734128,49.36315583,70.80777972,"31,484,435",29.35064524,196.7326447
California,1995,16.99811013,37.06914019,69.6847097,"31,696,582",26.74354496,200.787196
California,1996,14.73541862,32.75013977,72.86620442,"32,018,834",26.94320296,204.8776535
California,1997,15.3344544,35.74891534,77.69028131,"32,486,010",26.73153501,199.7376565
California,1998,17.7487139,39.28928857,75.42703336,"32,987,675",32.24998629,200.6491351
California,1999,14.9044076,43.21996739,73.45939112,"33,499,204",31.91895391,204.9242642
California,2000,14.36675103,52.81743252,72.82659749,"33,871,648",27.5260029,215.8318892
California,2001,14.84353927,57.72937066,74.52849682,"34,479,458",28.62603398,211.8183145
California,2002,14.22730267,43.64740476,76.16964799,"34,871,843",28.64184297,223.8731899
California,2003,13.9726041,42.62408725,75.57824394,"35,253,159",28.31629735,231.0436679
California,2004,14.10749249,46.37128009,79.74494438,"35,574,576",29.39485649,223.9065206
California,2005,14.2193931,41.99855097,76.8780956,"35,827,943",28.17184232,229.773532
California,2006,14.44042123,46.49989008,76.27552695,"36,021,202",28.3683569,234.2978707
California,2007,15.07437312,50.04160989,74.619521,"36,250,311",28.58144582,237.9842126
California,2008,15.55350004,50.92476285,70.89045217,"36,604,337",28.77641911,225.1537132
California,2009,15.753843,47.85563062,66.5074188,"36,961,229",28.27191723,218.2735643
California,2010,15.93589459,43.42128376,68.06969504,"37,253,956",28.88529418,214.5777764
Colorado,1990,3.984750106,31.27179093,5.597824325,"3,307,618",5.333062968,19.14705461
Colorado,1991,4.286409259,30.59988681,7.315694599,"3,387,119",5.808733919,19.33681206
Colorado,1992,4.116104121,31.54962758,7.50787442,"3,495,939",5.556100187,19.5945099
Colorado,1993,4.274655585,32.12602386,8.098780431,"3,613,734",6.138055516,21.50771159
Colorado,1994,4.070375047,33.47311669,7.628434101,"3,724,168",5.722710328,21.72190475
Colorado,1995,4.036945277,32.50127586,7.57856672,"3,826,653",6.151432947,22.41238115
Colorado,1996,4.235235271,34.20302726,7.843044962,"3,919,972",6.495455593,22.91321255
Colorado,1997,4.211612061,34.39724528,8.242196552,"4,018,293",6.303506014,22.74884512
Colorado,1998,3.800502953,34.83445336,8.835359906,"4,116,639",5.974410425,23.88372539
Colorado,1999,3.835570842,35.0941747,8.681170274,"4,226,018",6.4381706,25.42513749
Colorado,2000,3.794633872,38.63808238,9.169874742,"4,301,261",6.881187431,25.68946578
Colorado,2001,4.410595265,40.84216332,12.43895062,"4,425,687",7.305191755,27.02103931
Colorado,2002,4.342352392,39.59856932,11.99567947,"4,490,406",7.584870744,26.85866201
Colorado,2003,4.188825656,39.73314445,11.3360828,"4,528,732",7.641233853,26.24817206
Colorado,2004,4.062552049,39.77964885,11.70661146,"4,575,013",7.267562734,29.26407383
Colorado,2005,4.088826335,40.10307119,12.68574913,"4,631,888",7.606805734,29.89669755
Colorado,2006,3.78862122,41.04320957,12.57104885,"4,720,423",7.168982224,30.71696172
Colorado,2007,3.784724871,42.41196197,12.81311394,"4,803,868",7.860459482,31.50336065
Colorado,2008,4.485710008,40.52469009,13.08583879,"4,889,730",8.132621083,30.49839278
Colorado,2009,4.658199286,37.95797387,13.26502535,"4,972,195",7.775464662,29.4955862
Colorado,2010,4.189880026,39.35171931,14.10413921,"5,029,196",7.906667728,29.94429576
Connecticut,1990,3.800656173,10.9388463,2.940272746,"3,291,967",8.139676838,14.69686972
Connecticut,1991,3.634131049,10.52915957,3.082256322,"3,302,895",7.883082866,14.58460833
Connecticut,1992,4.280225966,8.477710929,3.324548872,"3,300,712",9.347562126,14.67794677
Connecticut,1993,3.817286142,7.333910027,3.384662916,"3,309,175",8.92489167,14.78203684
Connecticut,1994,4.145217025,7.200807502,2.983819084,"3,316,121",8.534789295,14.66009902
Connecticut,1995,3.813553146,8.008654152,2.760468183,"3,324,144",7.839350116,14.39044858
Connecticut,1996,4.104069917,9.050329421,2.885276537,"3,336,685",8.317203899,15.19677955
Connecticut,1997,4.27420565,12.12179716,2.76290574,"3,349,348",8.067522951,15.24094304
Connecticut,1998,4.011177463,10.98297425,2.60049511,"3,365,352",7.017075954,15.47572085
Connecticut,1999,4.265714002,9.809831335,2.65514779,"3,386,401",7.929669541,16.72344038
Connecticut,2000,4.518690069,10.55370762,2.741561807,"3,405,565",8.672988946,16.21041122
Connecticut,2001,4.292781265,9.371846124,2.495551913,"3,432,835",8.402929639,16.94168674
Connecticut,2002,4.102866395,8.497774437,2.407462219,"3,458,749",8.137736909,16.87185738
Connecticut,2003,4.880520795,7.749083106,2.836934248,"3,484,336",9.494367246,17.37172971
Connecticut,2004,3.914170997,8.534714419,2.619497755,"3,496,094",10.18042142,19.287208
Connecticut,2005,3.730328067,9.774645324,2.654642387,"3,506,956",9.281094798,18.40307125
Connecticut,2006,3.310621224,9.354378089,2.580311272,"3,517,460",8.026402499,17.61584762
Connecticut,2007,3.347493382,8.714642342,2.309003439,"3,527,270",8.29689656,17.65324348
Connecticut,2008,3.402037701,7.830135241,1.964993834,"3,545,579",8.187506994,16.94864655
Connecticut,2009,3.320713002,6.492985409,2.116979059,"3,561,807",8.276495204,16.45706811
Connecticut,2010,3.389550759,7.615381975,1.9851742,"3,574,097",7.748740778,16.28786658
Delaware,1990,0.575651122,7.488457243,4.036619444,"669,567",1.069005526,4.529646668
Delaware,1991,0.575350227,7.750761595,3.047520761,"683,080",1.094002691,5.075013031
Delaware,1992,0.551391467,6.758987214,4.360132515,"694,925",1.155725985,4.695020452
Delaware,1993,0.68707635,7.507661896,4.637909551,"706,378",1.174858124,4.9080211
Delaware,1994,0.614978582,7.115655767,4.777667007,"717,545",1.225221573,4.551351119
Delaware,1995,0.570962285,6.645844166,4.924045607,"729,734",1.16862688,4.313727453
Delaware,1996,0.72324968,6.575921647,4.914598691,"740,977",1.266880514,4.781994718
Delaware,1997,0.697973818,5.687457355,4.795451228,"751,487",1.13139616,4.671530503
Delaware,1998,0.603209586,5.363873679,4.519102269,"763,335",1.061861296,4.710757631
Delaware,1999,0.635767523,4.983920164,4.836226413,"774,990",1.133596854,4.887891056
Delaware,2000,0.627491818,5.195681029,4.575188522,"783,600",1.215479201,5.077293709
Delaware,2001,0.681723277,5.087177565,4.384733034,"795,699",1.170064978,4.702107511
Delaware,2002,0.740823743,5.044866408,3.993434768,"806,169",1.178471837,4.936458653
Delaware,2003,0.789641267,5.783547584,3.817739117,"818,003",1.291000736,4.825010939
Delaware,2004,0.785944566,5.887497038,3.658594971,"830,803",1.218535961,4.95561028
Delaware,2005,0.727481324,6.292256305,3.925487895,"845,150",1.194086947,5.164953065
Delaware,2006,0.725011824,5.620333198,3.642743929,"859,268",0.991933453,5.186293659
Delaware,2007,0.683850778,6.565115433,3.589164628,"871,749",1.010905307,5.227649455
Delaware,2008,0.648010494,6.144546664,3.424889592,"883,874",0.978459066,5.050034828
Delaware,2009,0.840150931,3.779343743,1.503106649,"891,730",1.039766332,4.865007588
Delaware,2010,0.83176942,4.17370518,1.547921449,"897,934",1.058586297,4.552162104
District of Columbia,1990,1.238872689,0.407754386,0.038293766,"605,321",0.919242175,1.838025847
District of Columbia,1991,1.367078556,0.232017619,0.026353473,"600,870",0.92695543,1.836613605
District of Columbia,1992,1.369848707,0.115628849,0.032620336,"597,565",0.993219682,1.856642301
District of Columbia,1993,1.442419119,0.223643274,0.023751509,"595,301",0.984778882,1.879855814
District of Columbia,1994,1.424046528,0.309274161,0.03543625,"589,239",0.932579273,1.813242526
District of Columbia,1995,1.429541394,0.221750112,0.026350585,"580,517",0.963727295,1.790195812
District of Columbia,1996,1.430159656,0.134908015,0.025356273,"572,377",1.064185878,1.733280575
District of Columbia,1997,1.393058924,0.089797299,0.032994281,"567,736",0.979497866,1.771284756
District of Columbia,1998,1.254571032,0.262079415,0.020711864,"565,230",0.826704722,1.71625071
District of Columbia,1999,1.225432622,0.253799484,0.070003846,"570,213",0.859597858,1.747658396
District of Columbia,2000,1.342592853,0.171586595,0.026658131,"572,059",0.937440044,1.827967541
District of Columbia,2001,1.374725308,0.156341818,0.064892598,"574,504",0.797761897,1.693883705
District of Columbia,2002,1.319779405,0.26700416,0.068138995,"573,158",0.926296794,1.60907529
District of Columbia,2003,1.195042539,0.081937095,0.10241541,"568,502",0.978927498,1.560130195
District of Columbia,2004,1.272180277,0.055832529,0.072091623,"567,754",0.950994312,1.669987223
District of Columbia,2005,1.331996508,0.232335238,0.060442819,"567,136",0.930773857,1.384202943
District of Columbia,2006,1.104372536,0.099449756,0.06076801,"570,681",0.699043879,1.235631214
District of Columbia,2007,1.232748801,0.084930337,0.043474612,"574,404",0.821103898,1.221915438
District of Columbia,2008,1.150378323,0.070360127,0.039923383,"580,236",0.790584526,1.082698838
District of Columbia,2009,1.196903321,0.036642034,0.036231117,"592,228",0.820323926,1.127935756
District of Columbia,2010,1.163487938,0.186973891,0.033927383,"601,723",0.82577435,1.080768514
Florida,1990,6.241655557,85.18748777,12.18054632,"13,033,307",1.529489009,81.43627647
Florida,1991,5.965993625,91.24371308,11.46246077,"13,369,798",1.568902713,77.10916517
Florida,1992,5.949348136,89.17334923,13.05734004,"13,650,553",1.735214215,79.85552506
Florida,1993,4.767074987,93.34597981,14.3249553,"13,927,185",1.661102613,79.07825533
Florida,1994,4.34468933,95.08329961,15.11169898,"14,239,444",1.562215748,84.39570618
Florida,1995,4.326902369,97.16886022,16.34843073,"14,537,875",1.482347264,86.56671352
Florida,1996,4.155256822,101.9005153,16.37516006,"14,853,360",1.647607543,87.43063111
Florida,1997,3.631064146,105.8737852,15.42861164,"15,186,304",1.360351541,90.64983428
Florida,1998,3.545856696,116.3509641,15.68602863,"15,486,559",1.438879606,92.09284462
Florida,1999,3.629308574,112.6714449,15.79006693,"15,759,421",1.409102285,94.850338
Florida,2000,4.800396575,114.9621264,14.82154632,"15,982,378",1.511267988,100.5476969
Florida,2001,4.894581709,115.9114858,14.02853528,"16,356,966",1.421747759,99.12215134
Florida,2002,5.005904581,118.542584,12.72979734,"16,689,370",1.375293853,101.4545454
Florida,2003,4.914007123,123.2761269,13.49939683,"17,004,085",1.402644327,99.5848925
Florida,2004,5.848248323,124.0444762,12.62482895,"17,415,318",1.538050087,111.0724295
Florida,2005,5.656075815,124.7394317,12.80557729,"17,842,038",1.486715534,113.9817528
Florida,2006,5.182390109,121.5474106,12.87563744,"18,166,990",1.415747817,116.633284
Florida,2007,4.687788919,122.547899,11.67730297,"18,367,842",1.308954062,115.6998262
Florida,2008,4.707026799,115.3121328,11.24481663,"18,527,305",1.322161145,106.3512463
Florida,2009,4.869676591,109.0333315,10.33740752,"18,652,644",1.423395865,99.64192927
Florida,2010,5.375277854,117.9266994,12.59611572,"18,801,310",1.608214087,107.0732122
Georgia,1990,3.867458693,61.44406475,18.48399322,"6,512,602",5.817005029,48.66452323
Georgia,1991,3.624840005,55.08528325,18.11108461,"6,653,005",6.171881953,47.43988136
Georgia,1992,3.96450456,52.87588394,18.35279935,"6,817,203",6.879216053,47.93288564
Georgia,1993,4.030786221,57.32891334,17.99820695,"6,978,240",7.355969113,53.28448957
Georgia,1994,3.916825027,59.76861483,18.67731016,"7,157,165",6.744556116,53.83806629
Georgia,1995,4.132858508,63.91089374,19.65784626,"7,328,413",7.22098885,56.40654194
Georgia,1996,4.147144065,63.67306991,20.33213407,"7,501,069",7.874277872,59.75443158
Georgia,1997,4.070684571,68.19960405,19.8052021,"7,685,099",7.252876666,57.4422153
Georgia,1998,3.671765905,68.6644648,18.41320485,"7,863,536",6.756148903,59.46793149
Georgia,1999,3.274170154,69.95470173,18.31041196,"8,045,965",6.373923069,61.4589054
Georgia,2000,4.14173114,73.78323444,19.19279895,"8,186,453",8.706361192,61.52901202
Georgia,2001,3.770666124,68.58174922,18.57517435,"8,377,038",7.377678993,61.41947539
Georgia,2002,3.362936061,73.31560163,18.64331577,"8,508,256",7.639436924,61.58343512
Georgia,2003,3.407712574,73.36863704,19.31816215,"8,622,793",7.894826688,63.08102915
Georgia,2004,3.784725966,75.41035902,19.52951963,"8,769,252",7.757883511,66.40997061
Georgia,2005,3.606714727,83.13911307,19.57160297,"8,925,922",7.561757292,69.25917805
Georgia,2006,3.20633006,83.87177881,18.65472317,"9,155,813",6.662150697,68.35274856
Georgia,2007,3.245923875,89.36259198,17.37305243,"9,349,988",6.744556786,67.07627015
Georgia,2008,3.365645764,83.61984271,16.25247833,"9,504,843",7.193266433,62.16704199
Georgia,2009,3.558121184,72.11190626,14.20285357,"9,620,846",7.12768463,65.78925242
Georgia,2010,4.047509014,77.41581376,15.31518767,"9,687,653",8.317473045,67.89285625
Hawaii,1990,0.754474614,7.313019513,2.11512448,"1,113,491",0.045610567,11.12556998
Hawaii,1991,0.435223439,6.029268803,2.020433634,"1,136,754",0.045135638,10.88032536
Hawaii,1992,0.920913503,6.978195692,1.979134672,"1,158,613",0.07492268,10.38547372
Hawaii,1993,0.333464174,7.001607007,1.834593607,"1,172,838",0.041442695,9.367069661
Hawaii,1994,0.513852426,7.232576814,2.020684494,"1,187,536",0.042396071,10.04934803
Hawaii,1995,0.318434576,7.499375779,1.978310284,"1,196,854",0.041707336,9.897766539
Hawaii,1996,0.244379601,7.770963405,2.075560924,"1,203,755",0.041620882,8.735313884
Hawaii,1997,0.308139891,7.708456966,1.969198564,"1,211,640",0.049254923,8.414403548
Hawaii,1998,1.093768703,7.535773183,1.478394018,"1,215,233",0.089124015,8.222564347
Hawaii,1999,0.272012704,7.633200504,1.310280727,"1,210,300",0.06299428,8.866142302
Hawaii,2000,0.276450061,7.752125669,1.337662657,"1,211,537",0.075806145,9.023747069
Hawaii,2001,0.238480946,7.747418217,1.340829366,"1,225,948",0.076197653,9.538004351
Hawaii,2002,0.31167814,8.31872498,1.503079192,"1,239,613",0.077136037,10.11672245
Hawaii,2003,0.276734953,7.744221019,1.522476243,"1,251,154",0.064559081,11.69845943
Hawaii,2004,0.329093093,8.033159973,1.512383138,"1,273,569",0.06451325,12.44573408
Hawaii,2005,0.331708907,7.980871747,1.765568128,"1,292,729",0.064453626,12.84763485
Hawaii,2006,0.334955964,7.955546186,1.79679635,"1,309,731",0.066998916,13.04026693
Hawaii,2007,0.279559806,7.983263748,1.629413516,"1,315,675",0.058958655,14.09038832
Hawaii,2008,0.297281087,7.797009144,1.438379814,"1,332,213",0.090812521,9.778782423
Hawaii,2009,0.348978384,7.589326029,1.418269943,"1,346,717",0.086042823,9.070134031
Hawaii,2010,0.345382756,7.313424329,1.487768036,"1,360,301",0.084758208,9.384358507
Idaho,1990,0.802650553,0.000682239,3.457518186,"1,012,384",0.789536044,6.348511098
Idaho,1991,0.948806936,0.000383948,4.006124497,"1,041,316",0.905783682,6.204594807
Idaho,1992,0.867534793,0.000462718,3.342633253,"1,071,685",0.810380505,6.337898304
Idaho,1993,0.841513614,9.7709E-05,3.467024078,"1,108,768",1.008031671,7.195052303
Idaho,1994,0.82768726,3.48656E-05,3.559875288,"1,145,140",0.941943297,7.314491394
Idaho,1995,0.848524858,0.0002772,3.772230291,"1,177,322",0.991690437,7.807701788
Idaho,1996,0.973270205,0.010255004,3.852276656,"1,203,083",1.087032819,7.946841768
Idaho,1997,0.880305802,0.097787269,3.62568477,"1,228,520",1.116102331,8.157831883
Idaho,1998,0.943417163,0.096802811,3.663322439,"1,252,330",1.094315314,8.314486533
Idaho,1999,1.08054154,0.097474466,3.669195097,"1,275,674",1.354406156,8.773538848
Idaho,2000,1.073194511,0.096620975,4.178071422,"1,293,953",1.515604925,8.812350015
Idaho,2001,1.033701563,0.574382255,3.967273454,"1,319,962",1.438001462,8.604176479
Idaho,2002,0.983727849,0.141178374,3.75418814,"1,340,372",1.423374896,8.755726589
Idaho,2003,0.863994435,0.509909623,3.394310798,"1,363,380",1.303728888,8.26829165
Idaho,2004,0.977609569,0.648336316,3.815053377,"1,391,802",1.559382239,8.695719449
Idaho,2005,0.995467811,0.618429016,3.951044752,"1,428,241",1.549749561,8.6985652
Idaho,2006,0.99445245,0.52321372,3.442768698,"1,468,669",1.621276215,9.297950653
Idaho,2007,1.059500061,0.679379967,3.472756129,"1,505,105",1.595093431,9.629204133
Idaho,2008,1.119004276,0.674909726,3.324330774,"1,534,320",1.822065028,8.945098939
Idaho,2009,1.046712015,0.676060351,3.282633389,"1,554,439",1.71486209,8.742041416
Idaho,2010,1.072418931,0.667011913,3.467396005,"1,567,582",1.612503296,9.498230904
Illinois,1990,12.50607676,56.62700165,43.9415369,"11,453,316",25.46792375,54.38121606
Illinois,1991,11.9717854,57.68436837,44.36418962,"11,568,964",26.79559661,52.10897304
Illinois,1992,12.2083021,52.55061196,44.18569702,"11,694,184",27.07939883,52.93824576
Illinois,1993,12.54919324,63.63139887,44.22208473,"11,809,579",28.18074122,56.1425192
Illinois,1994,12.27490446,66.10712576,45.25411414,"11,912,585",26.96211512,54.07417897
Illinois,1995,12.49095301,66.87439128,45.4480614,"12,008,437",28.42091575,55.58559024
Illinois,1996,13.30264478,74.52226456,46.74610221,"12,101,997",30.74466266,57.63898229
Illinois,1997,12.88709944,79.61624207,47.99102283,"12,185,715",28.59263427,57.98698746
Illinois,1998,11.03005228,77.21739466,45.44558538,"12,271,847",23.55384128,59.14565338
Illinois,1999,11.5600733,77.73493375,44.98043759,"12,359,020",26.14770648,65.31765106
Illinois,2000,12.37338487,83.86904155,42.80949386,"12,419,293",26.87856462,67.04408207
Illinois,2001,11.75192752,83.96826811,38.8834365,"12,488,445",24.30492896,64.76976823
Illinois,2002,12.39446304,86.38258181,38.34823139,"12,525,556",26.17845565,62.66690308
Illinois,2003,12.85525816,86.38304988,37.25328969,"12,556,006",26.77545238,65.06173909
Illinois,2004,12.19364684,91.95225765,36.95969049,"12,589,773",25.06517513,69.30333842
Illinois,2005,11.82936132,91.32893304,37.58049908,"12,609,903",24.72959061,76.98527436
Illinois,2006,11.58409175,89.8726857,37.31470608,"12,643,955",22.68234738,73.34195168
Illinois,2007,11.8287388,94.7313958,37.82427451,"12,695,866",24.66974131,73.69472323
Illinois,2008,13.16472792,94.58554373,36.31755676,"12,747,038",26.8723116,70.33807454
Illinois,2009,13.19349738,88.3932088,31.22289293,"12,796,778",25.27447775,68.18838658
Illinois,2010,11.65919615,92.01305259,35.36881544,"12,830,632",23.92211259,67.73788706
Indiana,1990,5.452889268,94.91039603,53.90432086,"5,557,798",9.636582845,40.86725612
Indiana,1991,5.286024317,94.86983594,51.34080302,"5,616,388",9.845282682,39.82165446
Indiana,1992,5.479511247,93.25382957,50.50598234,"5,674,547",10.05667999,39.25953169
Indiana,1993,5.750293627,96.69128451,47.30386048,"5,739,019",10.86259354,41.2953374
Indiana,1994,5.580133552,100.0247308,43.40710121,"5,793,526",10.29492262,42.76814606
Indiana,1995,5.668427155,101.7670279,45.49125752,"5,851,459",10.35445714,43.9084417
Indiana,1996,6.02041459,103.3463136,47.64178103,"5,906,013",11.69991293,43.17435586
Indiana,1997,5.856005514,107.9299909,49.03141965,"5,955,267",11.03779664,43.24158344
Indiana,1998,5.520244166,108.5938502,48.65866031,"5,998,880",9.111656488,43.64438886
Indiana,1999,5.470507687,110.9728032,49.95307549,"6,044,969",10.35988922,44.52234471
Indiana,2000,6.255283361,117.26998,52.74377409,"6,080,485",10.62612961,46.55934041
Indiana,2001,5.64156303,112.3258132,54.38497395,"6,127,760",9.440745023,42.55048578
Indiana,2002,5.871563351,111.6680015,54.07158157,"6,155,967",10.17993393,45.87478432
Indiana,2003,6.723501112,113.401411,54.58147443,"6,196,638",11.09165435,47.01851719
Indiana,2004,6.394387135,115.8530121,56.85712508,"6,233,007",9.653875063,45.16212888
Indiana,2005,5.44734552,118.8459291,53.41942285,"6,278,616",9.485424857,45.42303037
Indiana,2006,4.718487222,118.7484184,53.33559796,"6,332,669",8.041021478,46.45357152
Indiana,2007,5.077964391,118.7966162,52.68304287,"6,379,599",9.044333899,45.51104315
Indiana,2008,6.099560319,119.1081863,49.89976221,"6,424,806",9.774321809,43.17416991
Indiana,2009,5.748771857,106.0311078,43.96698213,"6,459,325",8.967776638,41.08497124
Indiana,2010,5.37106848,111.1366606,48.05458413,"6,483,802",8.714442043,42.52684616
Iowa,1990,3.187376399,26.65065649,12.74372693,"2,781,018",5.015484099,16.31661457
Iowa,1991,3.503424776,27.50073854,13.71059045,"2,797,613",5.535276541,15.73441306
Iowa,1992,3.125801721,26.5136268,14.176419,"2,818,401",5.204415721,15.54496848
Iowa,1993,3.300822263,28.38056951,14.73439618,"2,836,972",5.821799712,16.2021084
Iowa,1994,2.916699014,28.36744043,15.52892398,"2,850,746",5.568477605,17.12170911
Iowa,1995,3.16012126,30.32209157,15.92352004,"2,867,373",5.746475374,17.78766719
Iowa,1996,3.745735446,30.27819431,15.96128906,"2,880,000",6.435503181,19.05550108
Iowa,1997,3.847908298,30.87212578,15.72835909,"2,891,119",6.020096738,18.57345902
Iowa,1998,3.354895404,33.7329826,15.83625937,"2,902,872",5.055198479,19.21264123
Iowa,1999,3.761806948,33.79365303,15.96814844,"2,917,634",5.526263706,19.06231805
Iowa,2000,3.539507749,35.56601111,15.59927451,"2,926,324",5.557311688,18.74096857
Iowa,2001,3.519402972,35.62063064,15.19331103,"2,931,997",4.900099809,18.63263145
Iowa,2002,3.633906478,35.29897306,15.05150681,"2,934,234",5.255054283,19.23673101
Iowa,2003,3.757854446,35.46018211,14.05917325,"2,941,999",5.358939866,19.27076226
Iowa,2004,3.467549775,35.92751365,14.86903247,"2,953,635",4.846016402,20.52660636
Iowa,2005,3.470797438,35.1968671,15.01885487,"2,964,454",4.830701111,21.25359227
Iowa,2006,3.828175082,35.48273684,15.49705739,"2,982,644",4.496703314,21.82013666
Iowa,2007,3.93482563,38.68224711,17.13558474,"2,999,212",4.827809812,22.3149873
Iowa,2008,4.335732748,40.39287197,17.61582145,"3,016,734",5.550512927,21.54467034
Iowa,2009,4.631640702,36.55325596,17.60909563,"3,032,870",5.210723438,20.99507405
Iowa,2010,4.449134167,40.09793188,19.08876317,"3,046,355",4.887865154,21.72307655
Kansas,1990,3.221961946,27.11102809,15.87820152,"2,481,349",4.087835334,19.30166233
Kansas,1991,3.383575237,27.24392447,15.46339511,"2,498,722",4.344291502,18.02022776
Kansas,1992,3.124453828,24.63457332,16.29385792,"2,532,394",4.027833935,17.79507118
Kansas,1993,3.320202189,29.9230097,16.1896026,"2,556,547",4.741386576,18.11560549
Kansas,1994,3.086494939,29.95937346,18.12066296,"2,580,513",4.211388558,17.12716269
Kansas,1995,3.218948024,28.91622729,14.68451536,"2,601,007",4.418630472,19.03291877
Kansas,1996,3.514812503,33.19259355,14.65056303,"2,614,554",5.035610964,18.89524456
Kansas,1997,2.52944195,30.94834686,15.5419633,"2,635,292",4.298943982,18.71332009
Kansas,1998,2.544124665,30.59600316,13.92228086,"2,660,598",4.339129413,18.76024878
Kansas,1999,2.398840893,32.45987531,13.66472887,"2,678,338",4.576015093,19.84022413
Kansas,2000,2.534814333,35.4575562,13.70390666,"2,688,418",4.435361708,18.79037831
Kansas,2001,2.44007928,34.29405791,12.5827405,"2,702,162",4.226639095,17.5322229
Kansas,2002,2.439645153,37.46100053,13.34444016,"2,713,535",4.366204252,17.88289914
Kansas,2003,2.408364092,37.28763879,13.89597734,"2,723,004",4.394115835,19.51721747
Kansas,2004,2.325970625,36.57001745,13.55398806,"2,734,373",4.056235422,19.09973938
Kansas,2005,1.799821143,36.35625269,12.11513365,"2,745,299",4.027386705,17.87919312
Kansas,2006,1.695222232,34.48479,13.45836243,"2,762,931",3.473338298,19.04511297
Kansas,2007,1.854258414,37.84505444,15.18107044,"2,783,785",3.90666631,19.53730607
Kansas,2008,2.095160221,35.71449098,14.0420868,"2,808,076",4.513624698,18.95306116
Kansas,2009,2.016139831,34.68977975,12.98963339,"2,832,704",4.458257298,19.06219586
Kansas,2010,2.041704572,34.77294726,13.71287764,"2,853,118",4.509205485,18.16082472
Kentucky,1990,2.628446157,66.09166518,19.81003469,"3,694,048",4.053442165,26.39900971
Kentucky,1991,2.77160725,67.23394164,18.23310732,"3,722,328",4.352439714,26.38615834
Kentucky,1992,2.965701302,68.27241488,19.23511228,"3,765,469",4.526791406,27.58985797
Kentucky,1993,3.029962509,76.43575987,19.94419233,"3,812,206",4.891932063,28.96053415
Kentucky,1994,3.149736267,74.89394995,19.80581924,"3,849,088",4.646693895,28.66263891
Kentucky,1995,3.135832774,77.26155761,21.28999559,"3,887,427",4.908338535,29.76358839
Kentucky,1996,3.202672901,79.59270117,21.79538654,"3,919,535",5.132286686,27.98359742
Kentucky,1997,3.405636473,82.5113838,20.81939524,"3,952,747",4.969064795,30.26003057
Kentucky,1998,2.896122947,82.1907959,20.2213207,"3,985,390",4.159881379,30.26614859
Kentucky,1999,3.44285448,84.60693898,20.06178436,"4,018,053",4.614389048,31.36089928
Kentucky,2000,3.170456576,86.22362755,19.06911457,"4,041,769",4.644166486,31.48286155
Kentucky,2001,2.983454111,87.22222461,22.17320129,"4,068,132",3.938198918,31.94814532
Kentucky,2002,3.050368863,86.94555717,21.54044025,"4,089,875",4.042377011,33.03770386
Kentucky,2003,2.952784791,85.08705825,20.66897973,"4,117,170",4.30355661,31.38494141
Kentucky,2004,3.054655112,87.07684484,23.36863639,"4,146,101",3.965660893,34.46001425
Kentucky,2005,3.040468814,90.1782071,23.06736613,"4,182,742",3.884999983,33.52359993
Kentucky,2006,2.458795835,92.99839504,24.44764907,"4,219,239",3.249029268,33.42935521
Kentucky,2007,2.503032595,92.20081893,23.37001196,"4,256,672",3.482288707,34.97650899
Kentucky,2008,2.516360069,92.87224869,22.44418062,"4,289,878",3.732878779,31.98040667
Kentucky,2009,2.342654698,85.01197869,20.91797728,"4,317,074",3.649750331,32.02667082
Kentucky,2010,2.351568674,91.90012014,19.57733151,"4,339,367",3.708079036,32.68317215
Louisiana,1990,1.902256529,34.62056435,113.315505,"4,221,532",3.110585724,48.88693349
Louisiana,1991,1.932470988,34.69380294,109.7708562,"4,253,279",3.204793757,51.3305991
Louisiana,1992,1.952632975,36.0914987,115.8837485,"4,293,003",3.272608562,51.41589888
Louisiana,1993,1.776060949,37.85006216,118.8158339,"4,316,428",3.254860371,51.37097613
Louisiana,1994,1.732272047,39.16893084,121.2043933,"4,347,481",3.060996724,53.93256782
Louisiana,1995,1.492802167,40.02708599,120.622864,"4,378,779",3.01201247,53.94568132
Louisiana,1996,1.563462071,35.71023782,124.560736,"4,398,877",3.300081015,59.25928408
Louisiana,1997,1.758992784,39.49548277,131.8075913,"4,421,071",3.383288603,56.62800301
Louisiana,1998,1.619498751,41.14623451,117.4229997,"4,440,344",2.999079472,55.43505611
Louisiana,1999,1.761445297,41.1505438,115.2201642,"4,460,811",2.899964912,55.29873682
Louisiana,2000,2.573073429,42.5550586,120.9150742,"4,468,976",3.267906362,60.99922396
Louisiana,2001,1.977241106,39.1901994,109.36578,"4,477,875",3.092517195,53.52543731
Louisiana,2002,1.937867282,41.34062674,113.5045389,"4,497,267",2.920959025,54.8610437
Louisiana,2003,2.409167872,38.87792298,111.4436888,"4,521,042",2.773281319,54.28616762
Louisiana,2004,2.150942442,40.84985691,117.601456,"4,552,238",2.507985255,53.65410587
Louisiana,2005,2.050740183,42.74863261,112.9756948,"4,576,628",2.479265089,51.05721419
Louisiana,2006,1.460370776,37.75692553,125.670852,"4,302,665",2.046850131,55.00931256
Louisiana,2007,2.673486768,38.05863155,120.6661892,"4,375,581",2.167996853,50.80275868
Louisiana,2008,1.582116656,39.77011543,110.7397901,"4,435,586",2.21334722,45.87988831
Louisiana,2009,2.031909398,37.63751154,102.8996308,"4,491,648",2.196612984,45.44196828
Louisiana,2010,1.928894851,42.4448791,115.7537512,"4,533,372",2.643281549,48.21164952
Maine,1990,2.229750098,2.058350939,3.364568835,"1,231,719",2.985166356,8.290885671
Maine,1991,2.204375937,1.674776219,3.967626763,"1,237,081",2.989921583,7.59100828
Maine,1992,1.787983415,1.644404598,5.319523485,"1,238,508",3.008727763,7.481221301
Maine,1993,1.767023831,1.307348541,5.027213012,"1,242,302",3.125454526,7.609775583
Maine,1994,1.802520445,1.211990329,6.257164733,"1,242,662",3.203126393,7.715415721
Maine,1995,1.522857626,1.233688984,4.87825209,"1,243,480",3.939831325,7.307440521
Maine,1996,1.679322648,1.089748708,5.019821736,"1,249,060",4.053030778,7.551105454
Maine,1997,1.648702847,1.737306249,4.410035878,"1,254,774",3.921538301,7.925854167
Maine,1998,1.709992858,1.923422707,3.71887006,"1,259,127",4.229300065,7.739181592
Maine,1999,1.590686988,3.243861828,3.434267465,"1,266,808",4.026401658,7.996625429
Maine,2000,1.890865894,3.491777927,4.335201035,"1,274,923",3.901421976,8.580728724
Maine,2001,1.590648911,5.693703921,3.528985375,"1,285,692",3.881733257,7.66283216
Maine,2002,1.809534703,5.877187316,3.948271612,"1,295,960",3.488786076,8.749318251
Maine,2003,2.264129941,4.741980827,2.415387654,"1,306,513",4.665285043,9.30599736
Maine,2004,2.17477529,4.50718656,3.421794417,"1,313,688",5.195822957,8.710201232
Maine,2005,2.092620294,3.790397795,3.156489691,"1,318,787",4.634100191,9.381827208
Maine,2006,1.809014986,2.689121164,3.308095974,"1,323,619",4.025810597,9.413313515
Maine,2007,2.174616134,2.572207812,3.35858351,"1,327,040",3.858358879,9.058618851
Maine,2008,2.192398146,2.530241729,3.203685603,"1,330,509",3.225008905,8.294605291
Maine,2009,1.848167232,2.359099141,2.833085988,"1,329,590",3.001283911,8.487260124
Maine,2010,1.769364251,2.571845877,2.848710584,"1,328,361",2.72621762,8.604012091
Maryland,1990,2.931523463,26.10013876,11.70852315,"4,799,770",6.198485574,23.63335095
Maryland,1991,3.531756366,25.71479096,9.868682217,"4,867,641",6.25925807,24.01822915
Maryland,1992,4.024887555,24.96402105,7.125840798,"4,923,368",6.718463639,24.6139827
Maryland,1993,3.899810783,27.22669421,7.052067567,"4,971,889",7.073964743,24.53282881
Maryland,1994,4.275268196,28.01367878,7.130935396,"5,023,060",7.024190724,24.43289467
Maryland,1995,4.783665493,27.09251492,6.865390922,"5,070,033",6.905324659,24.79050548
Maryland,1996,4.279185846,27.58658656,7.487853257,"5,111,986",7.778261032,25.45444457
Maryland,1997,4.215680879,27.61270539,7.699152712,"5,157,328",7.04840665,26.20865824
Maryland,1998,4.68443613,30.29641077,7.297263508,"5,204,464",6.255983419,26.99852491
Maryland,1999,4.519103284,31.37051313,7.211093873,"5,254,509",6.658721244,28.44174068
Maryland,2000,4.686983467,30.49824295,6.826769633,"5,296,486",7.187296513,28.62886807
Maryland,2001,4.841749631,29.84020484,8.575108289,"5,374,691",6.477394544,28.78929917
Maryland,2002,4.85738648,30.21267085,8.341810423,"5,440,389",6.7452911,28.3662353
Maryland,2003,5.28600347,31.09034151,7.939671593,"5,496,269",7.379975446,29.29217642
Maryland,2004,5.167862899,30.31985656,9.078542428,"5,546,935",7.136821031,31.13479076
Maryland,2005,4.991001438,31.59442345,8.6365665,"5,592,379",7.174980414,32.09207101
Maryland,2006,4.561278124,28.89356665,6.16825031,"5,627,367",5.90143346,32.05318121
Maryland,2007,4.65989571,29.68130247,5.638403255,"5,653,408",6.500887208,31.67614039
Maryland,2008,4.694591258,27.42281454,5.49012935,"5,684,965",6.273483262,30.93227059
Maryland,2009,4.782566084,23.92934388,4.635702138,"5,730,388",6.517784444,31.60954559
Maryland,2010,4.960226858,24.5165493,4.57269844,"5,773,552",6.621688527,29.94492941
Massachusetts,1990,8.385785633,25.09194836,5.56571995,"6,022,639",15.07053191,28.92851751
Massachusetts,1991,9.166235907,25.73530883,4.981020253,"6,018,470",14.28313642,27.67130467
Massachusetts,1992,8.925080811,24.26055243,6.742527081,"6,028,709",16.38280135,27.51751344
Massachusetts,1993,7.984085543,21.85237033,6.938942032,"6,060,569",16.49975887,27.90074001
Massachusetts,1994,8.860129854,22.18586459,5.976936152,"6,095,241",16.33425997,27.98395131
Massachusetts,1995,8.952343538,21.29073351,5.231947255,"6,141,445",14.7396287,28.4656389
Massachusetts,1996,9.054055879,20.72478293,5.232515379,"6,179,756",14.53571804,29.78585113
Massachusetts,1997,9.445786827,25.98366211,5.350195086,"6,226,058",14.36657777,30.23041595
Massachusetts,1998,8.074887373,26.41753885,5.255658259,"6,271,838",13.18339749,30.26349765
Massachusetts,1999,6.191390656,23.64840164,5.926127998,"6,317,345",14.00208972,31.03563823
Massachusetts,2000,6.761540575,21.80724213,5.709396566,"6,349,097",15.57495877,32.12652003
Massachusetts,2001,5.746185251,21.61553027,6.812444578,"6,397,634",15.93086213,31.69896265
Massachusetts,2002,5.866402502,22.51729006,6.667565369,"6,417,206",15.84592971,31.83572965
Massachusetts,2003,7.010497003,24.62306335,4.385775368,"6,422,565",16.06206444,31.62294614
Massachusetts,2004,6.512110432,23.36466255,4.234860294,"6,412,281",14.92427717,33.59203229
Massachusetts,2005,6.661209017,24.09161635,4.49805631,"6,403,290",14.84461679,34.046714
Massachusetts,2006,5.003897624,21.2353879,4.386506356,"6,410,084",12.80724917,32.97361349
Massachusetts,2007,5.346509407,23.26550918,4.342259752,"6,431,559",13.5346375,33.53519447
Massachusetts,2008,5.671356909,19.81081076,4.011278024,"6,468,967",14.25599846,33.56226844
Massachusetts,2009,5.853819714,17.27059689,3.254912093,"6,517,613",14.02689779,30.76373821
Massachusetts,2010,6.794225022,17.99276568,3.621229944,"6,547,629",13.78703312,30.97611524
Michigan,1990,10.66462566,67.16450029,31.36427245,"9,311,319",22.09204437,47.93571884
Michigan,1991,10.81594149,67.44813304,28.59309556,"9,400,446",22.54002758,48.61370405
Michigan,1992,11.03302502,64.26720345,28.87784396,"9,479,065",23.48722706,49.14913431
Michigan,1993,11.19759786,65.19839783,25.23054764,"9,540,114",24.35822217,52.27567525
Michigan,1994,11.50211579,70.66375867,27.32705059,"9,597,737",23.83630549,52.15620126
Michigan,1995,12.17337343,70.02034301,27.13207326,"9,676,211",24.81549912,53.59266029
Michigan,1996,12.69177673,72.09203119,27.67195633,"9,758,645",26.47294378,54.26759421
Michigan,1997,12.12334324,71.99844838,26.30829109,"9,809,051",25.26851384,55.39106687
Michigan,1998,10.33901625,74.94824523,24.45892771,"9,847,942",21.45591922,56.71641552
Michigan,1999,10.87771352,74.28986148,27.74452641,"9,897,116",23.66083311,59.18903024
Michigan,2000,11.3022732,71.94459775,26.83116794,"9,938,444",24.43780711,57.24865119
Michigan,2001,10.67444105,71.60693226,25.34926343,"9,991,120",23.55983383,56.64059554
Michigan,2002,10.9355508,69.97442561,24.10417586,"10,015,710",24.76955143,57.81932801
Michigan,2003,11.21657334,68.59484981,23.81629687,"10,041,152",25.86773749,55.22561825
Michigan,2004,10.8137543,71.86939753,24.26879496,"10,055,315",23.94501496,56.34329565
Michigan,2005,10.56931429,74.30063722,23.88888344,"10,051,137",23.90438071,55.82368668
Michigan,2006,9.158321072,70.40908444,22.53483547,"10,036,081",19.99662744,55.71762091
Michigan,2007,9.960234434,73.95534261,20.65812105,"10,001,284",21.04698986,55.34847909
Michigan,2008,10.4901833,71.33951088,20.12867414,"9,946,889",21.5371472,51.53381195
Michigan,2009,10.21684511,68.00255246,15.47024998,"9,901,591",20.56033553,49.95243363
Michigan,2010,9.359613266,69.10930618,18.28227308,"9,883,640",18.93765191,49.99886326
Minnesota,1990,5.676602101,29.60751269,12.51242812,"4,389,857",8.091088855,23.7840949
Minnesota,1991,5.454255479,28.44416586,11.91485578,"4,440,859",8.863510328,24.88591213
Minnesota,1992,5.037546292,28.06587723,13.1650187,"4,495,572",8.438541845,26.18147325
Minnesota,1993,5.318006256,29.80333121,13.6852439,"4,555,954",9.1127213,27.74831893
Minnesota,1994,5.464170914,30.09433057,13.97102033,"4,610,355",9.007879821,28.61710848
Minnesota,1995,5.915513506,30.53122049,14.34519577,"4,660,180",9.407902007,29.65644731
Minnesota,1996,6.290812738,31.12398406,16.05117057,"4,712,827",10.67295284,30.64498536
Minnesota,1997,6.157345263,31.30807481,15.35832091,"4,763,390",9.633115562,30.13168028
Minnesota,1998,5.447583933,31.23882025,15.31574336,"4,813,412",8.05046456,31.64267599
Minnesota,1999,5.432982113,29.9609064,14.7659851,"4,873,481",8.528113176,33.73356303
Minnesota,2000,5.818306031,32.44606784,14.99899871,"4,919,479",9.311996385,34.99728538
Minnesota,2001,5.827931492,32.01219595,13.50673244,"4,982,796",8.920243753,34.20872625
Minnesota,2002,6.359891235,32.65554594,13.67027576,"5,018,935",9.314348732,34.77356447
Minnesota,2003,6.409075332,36.06243158,13.78567675,"5,053,572",9.783310263,34.63468491
Minnesota,2004,5.910552584,34.56658438,14.20751398,"5,087,713",9.388801788,36.05101999
Minnesota,2005,6.036233691,35.19282712,14.41165548,"5,119,598",8.996181847,36.59574094
Minnesota,2006,5.887711976,34.11509244,14.42054817,"5,163,555",8.157119804,36.13746437
Minnesota,2007,5.866375187,33.96059747,15.36997677,"5,207,203",8.856936719,36.47061533
Minnesota,2008,6.461043349,32.61983145,16.62578126,"5,247,018",9.468884682,35.10561772
Minnesota,2009,6.300275299,29.84820781,14.95950341,"5,281,203",9.019524025,32.36463137
Minnesota,2010,5.742784324,29.03067352,17.1797675,"5,303,925",8.318402695,32.93245086
Mississippi,1990,1.34238271,13.19272822,11.90237633,"2,578,897",1.833337261,20.21420022
Mississippi,1991,1.324525312,12.02604833,11.09983867,"2,598,733",1.810233137,22.02543202
Mississippi,1992,1.353140896,10.7703934,11.45652078,"2,623,734",1.85355481,22.921949
Mississippi,1993,1.328032564,13.41724444,10.89846118,"2,655,100",2.013670911,23.05697969
Mississippi,1994,1.415729877,13.82119664,10.15376025,"2,688,992",1.945839454,23.06949257
Mississippi,1995,1.365770995,15.2126828,10.02256987,"2,722,659",1.878924587,23.29702899
Mississippi,1996,1.567951512,16.88841646,10.41389706,"2,748,085",2.161297213,23.55593125
Mississippi,1997,1.526944559,17.90950611,10.25944316,"2,777,004",1.999595506,24.37276596
Mississippi,1998,1.511518261,19.32793465,9.35033328,"2,804,834",1.844618199,24.63158373
Mississippi,1999,1.418716064,20.37886774,11.71726124,"2,828,408",1.859025154,25.98344508
Mississippi,2000,1.599873266,20.87708864,10.93014856,"2,844,658",2.358357979,25.23885185
Mississippi,2001,1.632853962,30.01278886,10.7984702,"2,852,994",2.405009367,24.47988935
Mississippi,2002,1.491280677,22.79076303,10.8642443,"2,858,681",2.079949456,25.01837108
Mississippi,2003,1.65371052,22.64753774,10.57666343,"2,868,312",1.949454305,26.39506992
Mississippi,2004,1.468370844,24.6767444,11.38564191,"2,889,010",1.784262353,25.83841992
Mississippi,2005,1.40760519,24.53880535,10.51517984,"2,905,943",1.752662479,25.32527826
Mississippi,2006,1.291628977,25.13407991,10.98794962,"2,904,978",1.560072775,26.84194778
Mississippi,2007,1.757960708,27.04307974,11.09093978,"2,928,350",1.607248726,26.66216884
Mississippi,2008,1.469740771,25.17237629,10.63082661,"2,947,806",1.769960087,25.3700074
Mississippi,2009,1.477546192,22.68741105,9.85406212,"2,958,774",1.760190978,24.80630756
Mississippi,2010,1.548932601,26.04977137,10.84534695,"2,967,297",1.950521517,25.2950121
Missouri,1990,4.438624786,47.21184091,9.707411355,"5,128,880",7.450522591,33.79180715
Missouri,1991,4.644953566,47.53905481,9.01391547,"5,170,800",7.963753144,33.6757788
Missouri,1992,4.482557375,46.11120555,9.391924451,"5,217,101",7.673354434,34.926014
Missouri,1993,5.02536362,42.03522124,9.716910788,"5,271,175",8.734114533,36.07328267
Missouri,1994,4.767733186,49.40623281,9.961978774,"5,324,497",8.037322932,37.00740409
Missouri,1995,4.737674045,55.31929379,10.02659008,"5,378,247",8.233527673,38.3992566
Missouri,1996,5.337690435,57.89821101,10.18910198,"5,431,553",9.311205458,40.46249887
Missouri,1997,5.22084836,61.21685089,10.42333545,"5,481,193",8.63529829,41.39556122
Missouri,1998,4.475979798,62.86638042,10.45118687,"5,521,765",7.2518381,45.0426509
Missouri,1999,4.760103003,62.10734598,11.4886532,"5,561,948",7.752241675,44.39057072
Missouri,2000,4.631961481,63.46501646,9.766212243,"5,595,211",7.749083682,39.50607607
Missouri,2001,5.188780385,66.49565948,11.3803066,"5,641,142",8.456653693,39.64362741
Missouri,2002,4.613769863,66.99064373,11.56871538,"5,674,825",7.832461046,40.60180752
Missouri,2003,4.507713705,72.63335005,11.33656242,"5,709,403",7.785101685,41.69982682
Missouri,2004,4.546983212,73.80709108,13.27498453,"5,747,741",7.287483455,40.91802601
Missouri,2005,4.237873524,76.78240862,12.88496382,"5,790,300",6.995556801,41.78975554
Missouri,2006,3.969294119,76.07196626,13.19564496,"5,842,704",6.246555821,42.24035521
Missouri,2007,4.008713188,74.13554435,12.94889,"5,887,612",6.696936862,42.84547051
Missouri,2008,4.502041072,73.49781382,11.78438689,"5,923,916",7.567388756,40.56115399
Missouri,2009,4.114003415,70.82780469,9.965200202,"5,961,088",6.947975999,39.42427748
Missouri,2010,4.052372197,74.74801144,10.06877941,"5,988,927",6.955011362,39.64649291
Montana,1990,0.887936942,15.9092046,4.467632876,"800,204",1.249486734,5.851408353
Montana,1991,0.895794652,17.29261208,4.306857382,"809,680",1.302544541,5.779802391
Montana,1992,0.769419808,18.33109102,4.431529262,"825,770",1.12459595,6.273330441
Montana,1993,0.872904494,15.04308393,4.80196947,"844,761",1.330725055,6.484596836
Montana,1994,0.813739705,17.78865182,4.954501155,"861,306",1.211109761,6.738727305
Montana,1995,0.82762523,16.67066956,5.353730394,"876,553",1.276653171,7.011197512
Montana,1996,0.94917724,13.94327175,5.03385514,"886,254",1.470387187,6.910559198
Montana,1997,0.969174964,16.16624159,4.61850461,"889,865",1.493536941,7.071135088
Montana,1998,0.771682427,17.93007893,4.95801408,"892,431",1.238160086,7.09181379
Montana,1999,0.744859315,18.03832853,5.310117325,"897,507",1.244374284,7.362744324
Montana,2000,0.851995395,17.15246299,4.74507847,"902,195",1.377060823,7.467811394
Montana,2001,0.859374976,17.89531495,4.083411352,"906,961",1.380509401,7.591103236
Montana,2002,0.913700759,16.21648013,4.596589561,"911,667",1.448765623,7.613322301
Montana,2003,1.027084233,18.30942323,4.678104557,"919,630",1.523771422,7.164282049
Montana,2004,1.108355744,18.84024802,5.105668092,"930,009",1.623214415,7.817751919
Montana,2005,1.130726314,19.09321352,5.418482295,"940,102",1.596721933,8.31287409
Montana,2006,1.108714347,18.65245475,5.93366112,"952,692",1.563663796,8.564401399
Montana,2007,0.870841952,19.62227469,6.827760556,"964,706",1.619025203,9.018261411
Montana,2008,0.989599014,19.61544588,6.249226684,"976,415",1.763899845,7.631443387
Montana,2009,1.413253506,16.93881838,5.022096853,"983,982",1.77894754,7.373695181
Montana,2010,1.244345495,19.65297514,4.532462804,"989,415",1.636477597,7.728366325
Nebraska,1990,2.128273674,13.46678914,4.310648424,"1,581,660",2.505163319,10.52462831
Nebraska,1991,2.276866287,14.24985248,4.316595436,"1,595,919",2.740890361,10.24582992
Nebraska,1992,1.993587189,13.1153495,4.490756608,"1,611,687",2.53988991,10.60953462
Nebraska,1993,1.977519826,15.48275813,5.264439455,"1,625,590",2.874455693,10.65795213
Nebraska,1994,2.227935602,14.88153399,5.472782962,"1,639,041",2.666806155,10.89661837
Nebraska,1995,2.19664234,16.85503519,5.509286293,"1,656,992",2.683633635,11.55569099
Nebraska,1996,2.321715843,16.87996189,4.975222374,"1,673,740",3.071913581,12.65121007
Nebraska,1997,2.075517298,18.08171094,5.413551113,"1,686,418",2.881632193,12.85894663
Nebraska,1998,1.677801583,18.74494228,6.211893482,"1,695,816",2.631201917,13.47505893
Nebraska,1999,1.598147141,18.09922978,5.379660579,"1,704,764",2.627700133,13.81390326
Nebraska,2000,1.764155292,18.90363977,5.630661706,"1,711,263",2.766839797,12.17176235
Nebraska,2001,1.732268754,20.48065385,5.884707587,"1,719,836",2.977516358,11.4656576
Nebraska,2002,1.644402676,19.8798267,5.761945336,"1,728,292",2.885548145,11.782495
Nebraska,2003,1.718170954,20.78309359,5.648324002,"1,738,643",2.75517254,11.98191392
Nebraska,2004,1.815060943,20.38591217,5.934812496,"1,749,370",2.515237461,12.27089207
Nebraska,2005,1.620440106,21.08078086,5.837627572,"1,761,497",2.511228713,12.29055979
Nebraska,2006,1.675975936,20.91029484,6.542106303,"1,772,693",2.344355532,12.47177432
Nebraska,2007,1.787690291,20.11784571,7.346857038,"1,783,440",2.542371108,12.62307355
Nebraska,2008,2.079411736,21.61199787,7.387506522,"1,796,378",2.870932575,12.48768788
Nebraska,2009,1.867194856,22.8366194,7.27410513,"1,812,683",2.682139738,11.86970073
Nebraska,2010,1.892727148,22.82760732,7.80540202,"1,826,341",2.666226006,12.65591282
Nevada,1990,1.066563526,16.77691286,2.138825675,"1,220,695",1.192418665,9.437682119
Nevada,1991,1.154554564,18.02841961,2.237689106,"1,296,171",1.292800927,9.822632551
Nevada,1992,1.110801844,18.68813661,2.515420348,"1,351,367",1.229020058,10.02947929
Nevada,1993,1.407476628,18.29684197,2.566385358,"1,411,215",1.367677814,10.43559147
Nevada,1994,1.431828616,19.76415649,2.682720077,"1,499,298",1.385340025,11.01861929
Nevada,1995,1.432538945,18.19004374,3.057148499,"1,581,578",1.309814114,11.43068702
Nevada,1996,1.60443385,19.5622438,2.717875968,"1,666,320",1.440630462,12.78739144
Nevada,1997,1.373248665,19.44377025,2.870648185,"1,764,104",1.601340535,12.76196213
Nevada,1998,1.489372067,21.09292827,2.749734945,"1,853,191",1.908317326,13.09390649
Nevada,1999,1.470622642,21.25612905,2.611563453,"1,934,718",1.822405641,13.92020088
Nevada,2000,1.625374314,24.67252915,2.465588784,"1,998,257",1.83484759,14.51277044
Nevada,2001,1.439433937,23.99494823,2.443814936,"2,098,399",1.966461654,14.519588
Nevada,2002,1.46886582,20.8815704,2.185651477,"2,173,791",1.989556968,14.75418756
Nevada,2003,1.473573956,22.80564842,1.992637418,"2,248,850",1.968323606,15.03413054
Nevada,2004,1.658795477,25.12083102,2.520969234,"2,346,222",2.16267092,16.11025963
Nevada,2005,1.760756172,26.11361003,2.789901059,"2,432,143",2.216828538,16.82878302
Nevada,2006,1.835275865,16.52030579,2.89272499,"2,522,658",2.276618269,18.00414953
Nevada,2007,1.752095771,16.64856016,2.85037735,"2,601,072",2.276799064,18.29077775
Nevada,2008,1.795507988,17.82575087,2.698832159,"2,653,630",2.32600086,16.56430426
Nevada,2009,1.786490855,17.99898368,2.703355102,"2,684,665",2.335967138,14.8763329
Nevada,2010,1.828934035,16.69552143,2.764529825,"2,700,551",2.363984107,14.39683412
New Hampshire,1990,1.369946169,4.759300919,0.791302732,"1,112,384",2.440878807,5.218763949
New Hampshire,1991,1.331167639,4.356566648,0.800066411,"1,109,929",2.438490618,5.317563571
New Hampshire,1992,1.19731813,4.231177034,1.099400206,"1,117,784",2.550846997,5.287699093
New Hampshire,1993,1.182484389,4.409531433,1.332358018,"1,129,458",2.538788478,5.402434229
New Hampshire,1994,1.332240041,4.351807451,1.130703891,"1,142,560",2.599764461,5.514853071
New Hampshire,1995,1.216827773,4.283132079,1.043747681,"1,157,561",2.728196272,5.757349635
New Hampshire,1996,1.352375326,4.073186506,1.025528088,"1,174,719",2.901088423,5.915364197
New Hampshire,1997,1.369074704,5.050520613,0.987218896,"1,189,425",2.880746537,6.236589377
New Hampshire,1998,1.214116898,4.673194771,0.959942404,"1,205,940",2.805978372,6.862242144
New Hampshire,1999,1.247257126,4.551293231,0.949248574,"1,222,014",2.829835537,7.111395034
New Hampshire,2000,1.528248398,4.473563638,1.189005525,"1,235,786",2.895364897,7.258046809
New Hampshire,2001,1.389189905,4.12076243,1.218030532,"1,255,517",2.824699366,7.272484962
New Hampshire,2002,1.386685417,4.276378202,1.107067561,"1,269,089",2.634903672,8.13587399
New Hampshire,2003,1.701799364,7.088942707,1.099598685,"1,279,840",3.200563911,7.571267966
New Hampshire,2004,1.872383568,7.638912994,1.118671795,"1,290,121",3.356386494,7.81126266
New Hampshire,2005,1.98423766,7.651348328,0.970339755,"1,298,492",3.145550038,7.370535682
New Hampshire,2006,1.378201433,6.728105653,1.109295969,"1,308,389",2.769665846,7.287517013
New Hampshire,2007,1.43251813,6.614450222,0.879384758,"1,312,540",2.770260476,7.447367435
New Hampshire,2008,1.449320069,6.53924266,0.8442164,"1,315,906",2.799743114,7.339818303
New Hampshire,2009,1.401380664,5.26846909,0.776082279,"1,316,102",2.572986369,7.23835264
New Hampshire,2010,1.266602807,5.326048028,0.760880779,"1,316,470",2.294830673,7.274155443
New Jersey,1990,10.94467663,12.15928119,15.22248145,"7,762,963",15.52024433,57.06265506
New Jersey,1991,11.04402113,11.99801007,15.46992276,"7,814,676",15.487441,57.84427446
New Jersey,1992,11.45171561,12.6895092,19.47031479,"7,880,508",16.79439781,58.13336399
New Jersey,1993,10.8101212,13.35627053,19.76857277,"7,948,915",16.45922321,55.20882971
New Jersey,1994,11.05471292,15.3859895,20.43465141,"8,014,306",18.2913642,60.2503953
New Jersey,1995,10.07947637,16.93458554,20.71576612,"8,083,242",16.26872889,61.15780612
New Jersey,1996,11.26266717,15.74239245,20.75630183,"8,149,596",17.95353826,59.25306244
New Jersey,1997,11.54571558,17.08934878,20.93071804,"8,218,808",17.20902676,59.96191941
New Jersey,1998,10.21727729,15.87742908,19.81136088,"8,287,418",15.24011393,60.92710406
New Jersey,1999,11.75967527,16.59550247,20.14759847,"8,359,592",16.25889781,60.75889243
New Jersey,2000,11.03400243,18.85298351,13.36883146,"8,414,350",17.02151905,64.98689949
New Jersey,2001,9.563987441,18.58736126,14.53760859,"8,492,671",16.50299732,63.12661431
New Jersey,2002,9.550527116,18.99989044,13.75029987,"8,552,643",15.84786676,63.88623723
New Jersey,2003,10.60280977,17.93699344,14.13581295,"8,601,402",18.34538346,62.17158739
New Jersey,2004,10.89602763,18.86760975,14.37078007,"8,634,561",17.47681022,64.73261592
New Jersey,2005,11.27465354,19.06674742,14.34144566,"8,651,974",16.90541368,69.46966676
New Jersey,2006,9.544354723,18.07786102,13.12900725,"8,661,679",14.17289546,68.77890212
New Jersey,2007,10.99112337,19.2041147,12.99558356,"8,677,885",16.13192523,72.5699232
New Jersey,2008,10.59729553,18.49485684,11.26495416,"8,711,090",15.41826632,71.58062071
New Jersey,2009,11.15147465,14.5396917,9.614567336,"8,755,602",15.6374145,62.26678754
New Jersey,2010,10.9500528,17.61824252,9.18084519,"8,791,894",14.69932316,65.77027991
New Mexico,1990,1.660901487,27.08147327,7.046521116,"1,521,574",1.9679712,14.85746007
New Mexico,1991,1.663827917,23.31190818,6.522929855,"1,555,305",1.956345791,14.61815089
New Mexico,1992,1.732379512,26.0941516,6.722800184,"1,595,442",1.994405337,14.11135672
New Mexico,1993,1.730284085,26.60559543,6.499049449,"1,636,453",1.948613627,14.86730582
New Mexico,1994,1.465780499,27.58919586,6.548558693,"1,682,398",1.816801688,14.13483128
New Mexico,1995,1.464926237,27.25671021,6.902739316,"1,720,394",1.755030729,12.74367528
New Mexico,1996,1.592180714,27.75768968,8.078450427,"1,752,326",2.045181926,12.78930645
New Mexico,1997,1.635957769,28.90413566,7.334096082,"1,774,839",2.234321391,15.4945392
New Mexico,1998,1.582344395,29.39952317,6.489267572,"1,793,484",2.225503226,15.4949522
New Mexico,1999,1.667502401,30.00849171,6.468186939,"1,808,082",2.319096261,15.55566336
New Mexico,2000,1.631381418,30.86522839,7.761724907,"1,819,046",2.310627772,15.2823189
New Mexico,2001,1.762954347,30.1820234,7.817924318,"1,831,690",2.575876436,15.6622013
New Mexico,2002,1.735974957,28.39264073,7.126412398,"1,855,309",2.350738197,15.44068826
New Mexico,2003,1.768083377,30.42550519,7.697282859,"1,877,574",2.197996005,14.99370472
New Mexico,2004,1.707286425,30.42753104,8.161798833,"1,903,808",2.298615794,15.72554447
New Mexico,2005,1.694068702,31.75962479,7.808303605,"1,932,274",2.27130364,15.36515999
New Mexico,2006,1.544338588,32.37276567,7.837980354,"1,962,137",2.131873026,16.03487843
New Mexico,2007,1.544359606,30.82663508,8.537601712,"1,990,070",2.231504642,15.54904316
New Mexico,2008,1.729553976,30.18848356,8.437851461,"2,010,662",2.261880465,14.56070457
New Mexico,2009,1.555129127,32.34205782,7.830240654,"2,036,802",2.196397481,14.11266504
New Mexico,2010,1.563609852,28.77331022,7.969096299,"2,059,179",2.295432438,13.77448817
New York,1990,26.81980663,62.76418043,20.25026961,"18,020,784",33.75748572,64.11307454
New York,1991,26.46876261,58.47943125,19.45339892,"18,122,510",33.00620817,62.47759269
New York,1992,27.52958694,53.63911934,20.70828522,"18,246,653",36.39110948,60.99550017
New York,1993,28.19977976,47.40460941,20.32612416,"18,374,954",35.82060233,62.22265122
New York,1994,27.67092765,47.273364,20.54577279,"18,459,470",35.41050355,60.9863113
New York,1995,26.9188315,51.10296546,22.38469708,"18,524,104",34.37959969,62.72612829
New York,1996,27.78445637,46.66441762,23.14330016,"18,588,460",36.72173209,65.90868206
New York,1997,29.62266321,52.18116463,22.42106594,"18,656,546",34.83082065,65.8857682
New York,1998,27.6914294,55.91260748,21.50617106,"18,755,906",31.74391374,66.41380593
New York,1999,30.17751345,56.64682488,17.81577804,"18,882,725",34.44735291,66.80196377
New York,2000,32.04770402,55.63491933,17.28690175,"18,976,457",39.41467313,67.16702203
New York,2001,30.64749062,54.77409415,16.51115949,"19,082,838",38.36081507,67.1366346
New York,2002,31.19320108,50.6460168,15.06843308,"19,137,800",36.11338868,68.77408531
New York,2003,32.73181929,51.67948875,14.32955271,"19,175,939",38.76115968,73.20369026
New York,2004,34.69046435,52.10514208,14.33747449,"19,171,567",38.24145681,75.36906875
New York,2005,28.54670609,54.76600761,15.14465805,"19,132,610",39.23329504,73.75467581
New York,2006,25.36532812,46.31735197,14.81217327,"19,104,631",32.60442698,74.81950264
New York,2007,26.65244863,48.92344485,14.12133974,"19,132,335",36.38813812,74.55718233
New York,2008,25.69938168,42.57822308,13.65811346,"19,212,436",34.62446927,75.1554647
New York,2009,25.33795989,34.13924242,11.38421806,"19,307,066",32.90081975,72.79619473
New York,2010,25.02284629,37.76055139,10.29047686,"19,378,102",31.73436293,69.01711632
North Carolina,1990,3.755605671,46.0451875,17.35279413,"6,664,016",5.256468817,38.38116849
North Carolina,1991,3.573825556,46.79037323,16.76611805,"6,784,280",5.374778772,37.86910921
North Carolina,1992,3.812487077,53.79850458,18.454718,"6,897,214",6.020084397,38.61556786
North Carolina,1993,3.957482053,58.36354956,17.59343429,"7,042,818",6.283604495,40.21595414
North Carolina,1994,4.318872577,53.12863774,16.79730621,"7,187,398",5.92531795,41.3486537
North Carolina,1995,4.132742361,56.14218694,17.98938766,"7,344,674",6.554924172,42.9452335
North Carolina,1996,4.662847462,63.93872884,17.98805539,"7,500,670",7.52654345,45.41523824
North Carolina,1997,4.458587206,66.52821419,17.67323724,"7,656,825",6.855328739,46.23083163
North Carolina,1998,4.342628499,65.73803815,16.71806122,"7,809,121",6.667055626,47.29594591
North Carolina,1999,4.081930189,65.08053466,15.64723734,"7,949,361",6.348750869,48.28049662
North Carolina,2000,4.568736839,69.19078752,16.1932114,"8,049,313",7.146694768,49.9763116
North Carolina,2001,4.516051044,66.5856086,15.42374046,"8,210,122",6.801107772,49.2062108
North Carolina,2002,4.021750184,69.03938151,14.5810594,"8,326,201",6.337496301,49.80565355
North Carolina,2003,4.826505089,68.31745014,13.61499056,"8,422,501",7.175431681,50.32344638
North Carolina,2004,5.264254181,69.36458246,13.95361653,"8,553,152",7.132288295,52.26474686
North Carolina,2005,5.015273726,72.89598898,13.97458209,"8,705,407",6.583162537,53.60544361
North Carolina,2006,4.583692125,70.30824926,13.13367846,"8,917,270",5.661913215,53.1169881
North Carolina,2007,4.161602061,75.94376664,12.40756475,"9,118,037",5.543573562,54.92875968
North Carolina,2008,4.81835116,72.31733899,11.32415598,"9,309,449",5.904941664,54.01638814
North Carolina,2009,5.213918102,62.38887845,10.01325336,"9,449,566",5.777072946,48.94662477
North Carolina,2010,5.189178469,70.6931428,10.70445261,"9,535,483",6.442942454,49.0932247
North Dakota,1990,0.850054635,27.9331995,6.075352309,"637,685",1.116006161,4.62419393
North Dakota,1991,0.880848474,29.08055366,6.139637825,"635,753",1.224203093,4.683904825
North Dakota,1992,0.81857749,30.22499983,6.211198115,"638,223",1.096766241,4.903307041
North Dakota,1993,0.869178636,30.4243748,6.092824874,"641,216",1.143148645,5.176996116
North Dakota,1994,0.895683942,30.47210842,6.522179816,"644,804",1.079563261,5.114764133
North Dakota,1995,0.905560973,29.67851862,7.096542274,"647,832",1.135934185,5.115453404
North Dakota,1996,1.006950511,30.99497656,6.410008472,"650,382",1.301390661,5.244769748
North Dakota,1997,0.975969073,29.63008964,6.61962727,"649,716",1.270650784,5.326692135
North Dakota,1998,0.882964826,30.83694751,6.655657077,"647,532",1.057894682,4.766644194
North Dakota,1999,0.893610103,31.60100758,6.474562846,"644,259",1.158543715,5.682407305
North Dakota,2000,0.96251967,32.16907777,7.721488142,"642,200",1.276182178,5.560035059
North Dakota,2001,0.982677504,31.89058973,8.026912253,"639,062",1.281043831,6.026940191
North Dakota,2002,1.014461098,32.27740216,7.462716375,"638,168",1.254088269,5.998506342
North Dakota,2003,1.001944614,31.79211473,7.416770947,"638,817",1.319073329,6.028946171
North Dakota,2004,1.076779803,30.41525107,7.390515678,"644,705",1.322983059,6.32781085
North Dakota,2005,1.134447224,32.84944707,7.550421107,"646,089",1.257029327,6.262793663
North Dakota,2006,0.837560681,31.23693394,7.617073721,"649,422",1.078202273,6.225864663
North Dakota,2007,1.110660191,31.9216377,7.81688788,"652,822",1.170063313,7.124961287
North Dakota,2008,0.99353487,32.5637954,8.355488343,"657,569",1.301157453,6.539314043
North Dakota,2009,0.953506063,32.22931809,7.479849248,"664,968",1.178869511,5.95199529
North Dakota,2010,0.968560949,30.7105929,9.039016774,"672,591",1.077382061,6.951996535
Ohio,1990,10.57625786,108.0521081,50.28640405,"10,864,162",20.57220782,56.07266977
Ohio,1991,10.54897736,110.3530229,46.09972045,"10,945,762",21.13500668,55.39408969
Ohio,1992,11.12595387,112.0907082,47.87782828,"11,029,431",22.17037172,54.72955948
Ohio,1993,11.15390532,115.3469442,44.98216037,"11,101,140",23.10181142,57.89373023
Ohio,1994,11.14602424,111.712704,45.2438283,"11,152,454",22.33383608,58.33325399
Ohio,1995,11.60045036,112.9083227,44.29464948,"11,202,751",22.99898006,59.41668895
Ohio,1996,12.79382535,120.2966284,44.14664927,"11,242,827",24.32009996,62.49216157
Ohio,1997,12.48839127,117.4278178,43.08618878,"11,277,357",22.98259603,64.28942863
Ohio,1998,10.54863266,120.5151154,42.36768839,"11,311,536",19.32336108,65.12228088
Ohio,1999,10.87393982,115.6929856,42.04597124,"11,335,454",21.31756205,66.95026735
Ohio,2000,11.54194916,121.6634831,38.86602994,"11,353,140",22.03323871,68.86835282
Ohio,2001,11.13495167,115.3154556,38.97892548,"11,387,404",19.48364108,68.64960815
Ohio,2002,11.08526283,121.3019094,37.2699099,"11,407,889",20.5142723,69.2281114
Ohio,2003,11.45892703,125.0546633,37.89758125,"11,434,788",21.91656133,69.3594423
Ohio,2004,11.54622744,120.9888917,36.93859452,"11,452,251",20.67463412,71.65553731
Ohio,2005,10.9461196,129.3100674,35.64916971,"11,463,320",20.47491032,71.26526328
Ohio,2006,9.38459667,125.6925336,37.1456922,"11,481,213",17.21068017,72.06984495
Ohio,2007,10.29983807,127.4279562,38.75634772,"11,500,468",18.87694819,72.85878432
Ohio,2008,11.00115746,124.346068,38.68129981,"11,515,391",19.16546557,68.16048634
Ohio,2009,10.82290071,111.0347166,32.81158293,"11,528,896",18.48589432,63.88033879
Ohio,2010,10.49746719,117.8136187,36.27936545,"11,536,504",17.6670492,65.71774864
Oklahoma,1990,2.522356261,35.37270676,23.23001376,"3,148,825",3.854821702,23.90227988
Oklahoma,1991,2.523052691,38.2256522,20.93297309,"3,175,440",4.042911553,24.49492798
Oklahoma,1992,2.201947672,38.67782459,22.1246968,"3,220,517",3.828933304,26.43493237
Oklahoma,1993,2.419622743,40.54920298,23.34903815,"3,252,285",4.545746324,25.68422208
Oklahoma,1994,2.158304572,39.40740959,22.60582013,"3,280,940",4.047176066,26.46907716
Oklahoma,1995,2.340808156,41.33566301,22.83444769,"3,308,208",3.989084029,25.23336571
Oklahoma,1996,2.756198183,42.32996555,22.0438783,"3,340,129",4.554113861,26.76385243
Oklahoma,1997,3.169258145,43.30728025,22.61882948,"3,372,917",4.246524895,26.4765334
Oklahoma,1998,2.698858565,42.875841,20.57412387,"3,405,194",3.934548945,27.05505773
Oklahoma,1999,2.419306645,41.72217732,19.7681724,"3,437,147",3.876672686,28.32682928
Oklahoma,2000,2.551242474,43.84283251,18.83307358,"3,450,654",4.212040076,30.27681273
Oklahoma,2001,2.624635144,43.34391546,17.85714822,"3,467,100",4.103135668,33.13936816
Oklahoma,2002,2.516566787,45.73872105,17.50588346,"3,489,080",4.384562644,30.97249425
Oklahoma,2003,2.263422852,46.20763933,19.22411133,"3,504,892",4.129829958,31.18104625
Oklahoma,2004,2.28475866,44.24292248,19.68477277,"3,525,233",3.737430648,29.0980364
Oklahoma,2005,2.400624625,48.86444774,19.94585368,"3,548,597",3.687851121,30.77898137
Oklahoma,2006,2.212279239,49.68477128,21.656796,"3,594,090",3.359748457,31.72740191
Oklahoma,2007,2.601336593,49.11868612,21.26221926,"3,634,349",3.865958616,32.49727712
Oklahoma,2008,2.652458661,50.67310085,22.24032647,"3,668,976",4.127113333,33.12183109
Oklahoma,2009,2.732137763,49.2961308,19.40977449,"3,717,572",3.885623538,29.08662937
Oklahoma,2010,2.743579827,46.96533087,20.50271268,"3,751,351",4.084415706,28.77665498
Oregon,1990,1.898946936,1.795090484,5.354941518,"2,860,375",2.03005094,20.01456919
Oregon,1991,1.879190028,3.610187811,5.502922265,"2,928,507",2.172459941,21.55301453
Oregon,1992,1.67161613,4.512715585,6.19593579,"2,991,755",1.884120186,21.59420322
Oregon,1993,1.82200733,4.30948641,6.125516883,"3,060,367",2.402397169,20.84771184
Oregon,1994,1.733090992,5.453391183,6.064995273,"3,121,264",2.337804067,21.56342283
Oregon,1995,1.803641488,2.724511112,6.508471126,"3,184,369",2.205234346,21.1967471
Oregon,1996,1.917086948,3.196915191,6.962870858,"3,247,111",2.460433649,21.99012083
Oregon,1997,1.908541574,2.700159938,7.081982116,"3,304,310",2.359949745,22.12121027
Oregon,1998,1.989310492,6.189143633,8.151905852,"3,352,449",2.444355314,23.12303787
Oregon,1999,2.057741295,6.220884428,8.931780067,"3,393,941",2.771600002,23.36622607
Oregon,2000,2.099366384,7.339090357,6.645377422,"3,421,399",2.732202369,22.66451354
Oregon,2001,2.168119834,8.520555605,5.543081548,"3,467,937",2.741786994,21.66538911
Oregon,2002,2.084680474,6.374688565,5.844260792,"3,513,424",2.728748586,22.07476384
Oregon,2003,1.75482352,8.047827895,5.147576841,"3,547,376",2.562782736,21.85960187
Oregon,2004,1.747478725,8.03028543,5.532553411,"3,569,463",2.499755866,22.85595129
Oregon,2005,1.860794911,8.045093637,5.156567735,"3,613,202",2.647517534,23.37995093
Oregon,2006,1.852387899,6.309785495,5.602166171,"3,670,883",2.678481664,23.92363108
Oregon,2007,1.880979026,9.517338919,5.295495093,"3,722,417",2.710441539,24.49915267
Oregon,2008,2.03089476,9.960212957,5.312013789,"3,768,748",2.852407646,23.08478383
Oregon,2009,2.060158829,8.753394656,4.615037421,"3,808,600",2.88547495,22.91173551
Oregon,2010,1.895477844,9.637873167,4.441170361,"3,831,074",2.543326391,21.79314821
Pennsylvania,1990,13.28542465,104.062868,64.27700509,"11,903,299",23.65677829,59.49714585
Pennsylvania,1991,13.26393084,102.644524,58.21780231,"11,982,164",23.87761239,59.33476434
Pennsylvania,1992,14.20440615,102.893724,62.37277512,"12,049,450",25.47716503,60.63329251
Pennsylvania,1993,13.34339966,105.9348096,59.87495266,"12,119,724",26.19614967,62.30003599
Pennsylvania,1994,14.41066267,102.1456659,59.89954158,"12,166,050",25.85463723,62.48063872
Pennsylvania,1995,14.24344975,105.204832,59.80042768,"12,198,403",24.98800693,63.19626199
Pennsylvania,1996,14.41987155,110.0911139,59.23104014,"12,220,464",26.15531235,62.85275928
Pennsylvania,1997,13.69753073,111.5585711,61.62008252,"12,227,814",24.71669552,65.63141146
Pennsylvania,1998,12.08268009,112.7137862,49.26224912,"12,245,672",21.10073399,67.74957624
Pennsylvania,1999,12.21309575,108.257772,48.64998629,"12,263,805",23.52356172,68.35412737
Pennsylvania,2000,12.95151055,115.5341963,48.87704056,"12,281,054",25.70047006,70.55220996
Pennsylvania,2001,12.72730133,105.6808416,47.61670081,"12,298,970",24.45098327,70.40205271
Pennsylvania,2002,12.70385818,112.9478597,47.20303565,"12,331,031",23.79017639,70.76926169
Pennsylvania,2003,13.3417076,113.4625464,48.06388027,"12,374,658",26.09479436,69.25013972
Pennsylvania,2004,12.98275115,116.3907693,48.16676382,"12,410,722",25.25632675,71.42823903
Pennsylvania,2005,12.93295677,120.977864,46.16979022,"12,449,990",23.89543871,72.81761816
Pennsylvania,2006,11.77794915,120.3825244,46.2735293,"12,510,809",20.25932955,72.41453439
Pennsylvania,2007,12.47675535,122.8133824,45.59369688,"12,563,937",21.75018687,72.17722998
Pennsylvania,2008,11.15815626,117.4948912,44.06294551,"12,612,285",20.56663473,68.32596591
Pennsylvania,2009,10.85259818,110.4240824,35.44264359,"12,666,858",20.09309661,66.76500839
Pennsylvania,2010,10.57836176,116.5763865,39.19749932,"12,702,379",20.48924646,66.8576771
Rhode Island,1990,1.116311675,0.663243476,0.656604923,"1,005,995",2.340592983,4.132229986
Rhode Island,1991,1.161023664,1.354481443,1.78325046,"1,010,649",2.353087517,4.149935914
Rhode Island,1992,1.083555024,2.164728019,2.94535193,"1,012,581",2.781683486,4.071235806
Rhode Island,1993,1.134920885,1.993355303,0.982755855,"1,015,112",2.658395838,4.101087013
Rhode Island,1994,1.382962924,2.117526243,2.624845541,"1,015,960",2.711805382,4.003795446
Rhode Island,1995,1.261010624,1.978969111,2.233209964,"1,017,002",2.502016814,4.126427133
Rhode Island,1996,1.424049233,3.440013407,1.814388742,"1,020,893",2.675142166,4.173171725
Rhode Island,1997,1.344860887,3.35639088,1.661244224,"1,025,353",2.624052689,4.635796702
Rhode Island,1998,1.145992602,3.281653492,2.557539366,"1,031,155",2.388331652,4.488187827
Rhode Island,1999,1.087160952,2.965569691,2.143371923,"1,040,402",2.336802806,4.6664223
Rhode Island,2000,1.230093928,2.662333103,0.689474981,"1,048,319",2.518350124,4.648929033
Rhode Island,2001,1.256244692,3.2139606,0.55493292,"1,057,142",2.586455894,4.691854971
Rhode Island,2002,1.160524751,2.926688754,0.519913842,"1,065,995",2.472772077,4.647946784
Rhode Island,2003,1.281957246,2.288518768,0.567883189,"1,071,342",2.766574239,4.544148631
Rhode Island,2004,1.209817986,1.955616045,0.607691654,"1,074,579",2.797487094,4.400085667
Rhode Island,2005,1.138889357,2.388889906,0.620130748,"1,067,916",2.707579387,4.367410928
Rhode Island,2006,0.94956354,2.330144493,0.624970075,"1,063,096",2.20402481,4.443060361
Rhode Island,2007,1.046819392,2.809138238,0.61270005,"1,057,315",2.293541712,4.375061096
Rhode Island,2008,0.949025372,2.882264456,0.541270092,"1,055,003",2.245912648,4.196649753
Rhode Island,2009,1.056817394,3.01078238,0.682107921,"1,053,646",2.378416789,4.274121142
Rhode Island,2010,0.933069051,3.077237636,0.639084243,"1,052,567",2.269005043,4.239833086
South Carolina,1990,1.424415762,21.91570272,13.44618377,"3,501,155",2.06477449,22.0257048
South Carolina,1991,1.40435576,22.41106464,13.17833192,"3,570,404",2.245347875,22.81891283
South Carolina,1992,1.563342726,21.8058036,13.70807989,"3,620,464",2.156033571,22.02821267
South Carolina,1993,1.755951271,24.96384193,14.25590575,"3,663,314",2.423926994,22.42464431
South Carolina,1994,1.664231262,25.45841655,13.85332387,"3,705,397",2.187801719,22.77106592
South Carolina,1995,1.727614409,24.55598376,13.65009126,"3,748,582",2.261450324,22.76666138
South Carolina,1996,1.781048086,28.27822228,13.15711378,"3,796,200",2.514390839,23.30263562
South Carolina,1997,1.72788678,29.24962689,13.51982495,"3,859,696",2.262291422,24.34111128
South Carolina,1998,1.981400009,30.6640169,13.79667939,"3,919,235",2.200765313,25.75209115
South Carolina,1999,2.298179901,33.00204006,13.60966928,"3,974,682",2.286665465,26.51796425
South Carolina,2000,1.800348125,35.85713179,13.50939403,"4,012,012",2.431856189,27.09382113
South Carolina,2001,1.693612984,33.96866174,14.27593387,"4,064,995",2.180337033,27.3655486
South Carolina,2002,1.648650853,34.64383591,14.4570149,"4,107,795",2.158970178,27.96964423
South Carolina,2003,1.673894046,34.73817896,14.41747145,"4,150,297",2.322131168,28.02704687
South Carolina,2004,1.695111876,37.925912,15.03876037,"4,210,921",2.35430833,32.22241211
South Carolina,2005,1.71449422,38.91316815,14.06473547,"4,270,150",2.265401766,30.60924641
South Carolina,2006,1.823330152,38.95546456,13.68065426,"4,357,847",1.945570511,32.09400285
South Carolina,2007,1.6353356,40.67771659,12.47219945,"4,444,110",1.85187314,32.20784168
South Carolina,2008,1.740908857,40.78471009,11.46666621,"4,528,996",1.942769492,31.0957969
South Carolina,2009,1.580879828,36.56915284,10.82371466,"4,589,872",1.925481203,31.39326998
South Carolina,2010,1.760610797,39.84272764,9.739326522,"4,625,364",2.249608283,31.61272949
South Dakota,1990,0.687087156,3.097968397,2.114418744,"697,101",1.360260857,4.664443254
South Dakota,1991,0.682799988,3.354689105,2.021045359,"703,669",1.201483572,4.441994295
South Dakota,1992,0.678750563,3.127156198,1.940179492,"712,801",1.020266411,5.017352771
South Dakota,1993,0.747971141,3.056713519,2.30903076,"722,159",1.242382032,5.123921356
South Dakota,1994,0.743478752,3.330836268,2.465473898,"730,790",1.16051818,5.443043265
South Dakota,1995,0.782415039,3.072733155,2.266457596,"737,925",1.219850827,5.55892685
South Dakota,1996,0.82159416,2.630400339,2.341470271,"742,213",1.461386643,5.556572927
South Dakota,1997,0.765740002,3.524255491,2.323896829,"744,223",1.334492436,5.410751847
South Dakota,1998,0.669081763,3.281025966,2.148687967,"746,058",1.127915735,5.581824459
South Dakota,1999,0.668769601,3.687754652,2.231744273,"750,412",1.100311649,5.733794091
South Dakota,2000,0.736052926,3.806934295,2.545375498,"754,844",1.213614098,5.826626105
South Dakota,2001,0.714096624,3.82277796,2.023503644,"757,972",1.134291744,5.73814267
South Dakota,2002,0.705512912,3.324444172,2.222519524,"760,020",1.173630119,6.272949452
South Dakota,2003,0.704588915,3.576849412,2.266681903,"763,729",1.195969736,5.816787183
South Dakota,2004,0.670211015,3.801858058,2.18335966,"770,396",1.056554573,5.986866664
South Dakota,2005,0.662680604,3.235709385,2.189678303,"775,493",1.042928848,6.099721267
South Dakota,2006,0.629565271,3.45545557,2.137368623,"783,033",0.976625323,6.132963663
South Dakota,2007,0.726189458,2.963689857,2.749306384,"791,623",1.037247305,6.407743149
South Dakota,2008,0.78697788,3.864701912,3.028315919,"799,124",1.208629829,6.143717948
South Dakota,2009,0.811991384,3.352248006,3.157621182,"807,067",1.151476119,6.33030904
South Dakota,2010,0.780872446,3.47801475,3.31336546,"814,180",1.053348607,6.513212914
Tennessee,1990,3.420435868,46.26815455,18.77396273,"4,894,492",3.279424808,32.84105976
Tennessee,1991,3.389333845,43.39648813,18.55697211,"4,966,587",3.433924283,31.16611841
Tennessee,1992,3.577745699,45.7692927,19.95587541,"5,049,742",3.646222946,32.56148713
Tennessee,1993,3.639563878,54.35275795,19.97107562,"5,137,584",3.988259557,34.48657334
Tennessee,1994,3.530676171,48.21259898,20.11640765,"5,231,438",3.940859017,35.26831018
Tennessee,1995,3.591068525,53.08843826,19.78949822,"5,326,936",4.065029749,37.14512708
Tennessee,1996,4.041931138,51.74299855,19.64212893,"5,416,643",4.825568601,38.42394507
Tennessee,1997,3.861833227,54.74923591,20.16651189,"5,499,233",4.398440696,38.7734729
Tennessee,1998,3.527038203,53.09570918,20.59400408,"5,570,045",4.06721664,39.67367632
Tennessee,1999,3.691477911,52.49769656,20.06111543,"5,638,706",4.282122084,40.89936526
Tennessee,2000,3.891136255,57.20642808,19.27023438,"5,689,283",4.796101611,41.60644689
Tennessee,2001,3.804272329,54.88324937,21.17536638,"5,750,789",4.553911391,41.41420056
Tennessee,2002,3.728136128,52.4400951,20.24862141,"5,795,918",4.64723582,43.91496103
Tennessee,2003,4.03328638,49.43092377,20.19935096,"5,847,812",4.618437943,44.71420138
Tennessee,2004,3.765803686,51.90472275,20.30598286,"5,910,809",4.388886415,45.23580637
Tennessee,2005,3.533546332,53.31610654,20.01204981,"5,991,057",4.402547535,45.48749086
Tennessee,2006,3.391999549,55.39239658,20.5495164,"6,088,766",4.066404525,45.86084375
Tennessee,2007,3.505351385,55.0162939,19.90924928,"6,175,727",4.040510627,46.21480522
Tennessee,2008,3.61625901,52.2840323,19.20827386,"6,247,411",4.404864022,42.61270359
Tennessee,2009,3.673007478,37.94563138,14.8777788,"6,306,019",4.344645831,40.68581047
Tennessee,2010,3.887928317,42.12655084,15.69568867,"6,346,105",4.8430386,41.69902445
Texas,1990,11.7962402,185.4885263,241.7109144,"17,056,755",12.9658013,152.4719066
Texas,1991,11.93034323,184.6900656,242.1314389,"17,398,005",13.13223796,149.2878308
Texas,1992,12.1038531,182.3466914,248.6291409,"17,759,738",12.70045882,152.8777544
Texas,1993,10.75238975,199.3199189,251.617887,"18,161,612",13.43597416,152.3124002
Texas,1994,11.2226818,193.0074383,257.1763543,"18,564,062",12.58300702,155.7143248
Texas,1995,13.02299221,192.9622996,260.4878469,"18,958,751",12.12459938,153.4675178
Texas,1996,11.19023949,203.8239704,283.0123243,"19,340,342",13.11012946,166.7728907
Texas,1997,13.15274534,208.4307849,293.0439886,"19,740,317",13.59782118,171.243628
Texas,1998,11.16628268,215.1704658,284.4655535,"20,157,531",12.08592236,180.2552903
Texas,1999,11.36673319,218.8040935,264.3327792,"20,558,220",11.63705099,178.8704717
Texas,2000,13.66654156,227.6161353,267.7885925,"20,851,820",12.92458589,182.9286768
Texas,2001,11.82145706,218.9749439,261.7345578,"21,319,622",13.95510941,190.852035
Texas,2002,14.30047688,225.3542568,261.7674295,"21,690,325",13.86096517,197.6482302
Texas,2003,14.16444059,225.2381826,261.480568,"22,030,931",13.32539453,189.8871415
Texas,2004,11.88035495,224.3627833,265.5554799,"22,394,023",12.11915806,193.4572614
Texas,2005,10.6186987,228.9137128,228.4091059,"22,778,123",11.98244761,194.8741489
Texas,2006,9.702666853,226.9811389,228.2567974,"23,359,580",10.47880985,202.4510602
Texas,2007,10.14534831,229.5690988,223.5182287,"23,831,983",12.43764595,204.9972694
Texas,2008,10.76526547,227.3321982,207.3643467,"24,309,039",11.9765635,200.5826413
Texas,2009,11.16287984,216.5791234,195.3205136,"24,801,761",11.71154637,190.9689221
Texas,2010,12.19590665,220.4182988,211.5366149,"25,145,561",13.6740399,195.4199783
USA,1991,,,,"252,980,941",,
USA,1992,,,,"256,514,224",,
USA,1993,,,,"259,918,588",,
USA,1994,,,,"263,125,821",,
USA,1995,,,,"266,278,393",,
USA,1996,,,,"269,394,284",,
USA,1997,,,,"272,646,925",,
USA,1998,,,,"275,854,104",,
USA,1999,,,,"279,040,168",,
USA,2000,,,,"281,421,906",,
USA,2001,,,,"284,968,955",,
USA,2002,,,,"287,625,193",,
USA,2003,,,,"290,107,933",,
USA,2004,,,,"292,805,298",,
USA,2005,,,,"295,516,599",,
USA,2006,,,,"298,379,912",,
USA,2007,,,,"301,231,207",,
USA,2008,,,,"304,093,966",,
USA,2009,,,,"306,771,529",,
USA,2010,,,,"308,745,538",,
Utah,1990,1.670287729,28.99689892,9.824860545,"1,731,223",2.752239045,10.64482958
Utah,1991,1.887041428,27.53480238,9.193344918,"1,779,780",3.123087124,11.0652211
Utah,1992,1.58137011,29.67308888,9.048818236,"1,836,799",2.740140434,11.28054638
Utah,1993,1.703393328,30.41754807,8.989728363,"1,898,404",3.105781246,11.72117845
Utah,1994,1.904554208,31.30935494,8.976289801,"1,960,446",2.875704026,11.89962808
Utah,1995,1.85928384,29.41602294,10.15153429,"2,014,177",2.850445228,12.93427074
Utah,1996,2.015420337,29.69842751,9.622837571,"2,067,976",3.103129917,13.55964205
Utah,1997,2.197642316,30.68203257,10.2093412,"2,119,784",3.361036851,14.15090861
Utah,1998,2.189485467,31.37927028,11.28925489,"2,165,960",3.236300649,14.3939037
Utah,1999,2.21997004,31.92191853,8.967620704,"2,203,482",3.222083595,14.87949252
Utah,2000,2.096850281,32.51323127,10.35135101,"2,233,169",3.248420966,15.72282124
Utah,2001,2.272792572,31.98651288,9.280093095,"2,283,715",3.291442299,15.0757796
Utah,2002,2.582597528,33.1739481,6.359245,"2,324,815",3.529842536,15.65890306
Utah,2003,2.170131686,34.14614028,6.582789334,"2,360,137",3.225899404,15.80661002
Utah,2004,2.444946583,34.15925351,7.755414637,"2,401,580",3.572729766,16.57132267
Utah,2005,2.308621311,34.78246615,8.858854884,"2,457,719",3.391994954,16.7289873
Utah,2006,2.247747156,35.25170793,7.922265312,"2,525,507",3.535594608,18.51256901
Utah,2007,2.26766004,37.09008825,8.133455833,"2,597,746",3.544138814,18.49777577
Utah,2008,2.426723399,37.603651,7.808351739,"2,663,029",3.880942293,17.32939997
Utah,2009,2.37205675,34.77110205,6.705067868,"2,723,421",3.778684311,16.52272613
Utah,2010,2.426437835,33.84752835,7.052193327,"2,763,885",3.781296603,16.34343028
Vermont,1990,0.583327739,0.040622677,0.460638659,"564,798",1.394510884,3.011188143
Vermont,1991,0.64973247,0.063705231,0.460544148,"568,606",1.461509249,3.042855459
Vermont,1992,0.736224558,0.045465713,0.539486584,"572,751",1.591231619,3.230962081
Vermont,1993,0.683740026,0.021453786,0.54774855,"577,748",1.552441251,3.413926659
Vermont,1994,0.678875241,0.018680712,0.429887007,"583,836",1.478921232,3.432949631
Vermont,1995,0.594378636,0.023920009,0.391030873,"589,002",1.429379587,3.567631795
Vermont,1996,0.661225378,0.008184932,0.414339926,"593,701",1.502590325,3.706404186
Vermont,1997,0.706209361,0.015321397,0.683679102,"597,239",1.469060903,3.637007578
Vermont,1998,0.755919599,0.056312626,0.466038985,"600,416",1.396155802,3.593088346
Vermont,1999,0.70580042,0.04094716,0.642625388,"604,683",1.373943507,3.759215171
Vermont,2000,0.765017935,0.12340607,0.566305458,"608,827",1.594482762,3.700457172
Vermont,2001,0.790510646,0.043776266,0.483015888,"612,223",1.579567384,3.71144948
Vermont,2002,0.730738536,0.015369648,0.470741972,"615,442",1.478886331,3.657087422
Vermont,2003,0.761838537,0.026043531,0.507879246,"617,858",1.555967466,3.694516161
Vermont,2004,0.826836422,0.022052409,0.601214466,"619,920",1.779220319,3.825271361
Vermont,2005,0.715378929,0.006717051,0.590647482,"621,215",1.638974774,3.865592479
Vermont,2006,0.674770326,0.005152892,0.575090365,"622,892",1.532876238,3.89631613
Vermont,2007,0.679124563,0.005195576,0.505630508,"623,481",1.506183468,3.866260287
Vermont,2008,0.630751203,0.005236832,0.514368539,"624,151",1.369956033,3.608940019
Vermont,2009,0.674518201,0.005132116,0.492666177,"624,817",1.501271395,3.646944558
Vermont,2010,0.63667224,0.005274461,0.508626953,"625,741",1.334141227,3.548792617
Virginia,1990,4.436131337,23.0502146,19.52539803,"6,216,884",6.463715046,41.51090937
Virginia,1991,4.199604913,25.05328255,19.88882777,"6,301,217",6.345275602,40.53246008
Virginia,1992,4.631460544,26.64139301,18.76001489,"6,414,307",6.922462584,40.34690419
Virginia,1993,5.032526777,31.18069413,16.96780948,"6,509,630",7.125196449,41.2536371
Virginia,1994,5.090431753,29.0905387,17.22472338,"6,593,139",7.054100375,41.83336383
Virginia,1995,5.332309198,30.32703464,17.3392562,"6,670,693",7.13171815,42.55182537
Virginia,1996,6.089568068,33.04425118,17.17612281,"6,750,884",8.058395246,42.97299093
Virginia,1997,5.629668774,34.33236616,17.82150796,"6,829,183",7.710431368,44.378227
Virginia,1998,5.429532353,36.12702322,17.31027775,"6,900,918",7.068791096,45.09998356
Virginia,1999,5.405634071,37.69675974,16.87253593,"7,000,174",7.190698301,45.9418892
Virginia,2000,5.887154449,42.2293164,16.86297987,"7,078,515",8.207151481,48.61134743
Virginia,2001,5.369479153,41.69696281,16.48766592,"7,198,362",7.453025123,48.65479742
Virginia,2002,5.028000679,40.77642588,16.26727955,"7,286,873",7.254903074,48.84917279
Virginia,2003,5.737375999,40.41670766,17.23381711,"7,366,977",8.207346587,50.32194368
Virginia,2004,5.627761498,40.11358771,17.62581177,"7,475,575",8.344463185,54.7194145
Virginia,2005,5.641636895,40.91014864,17.62098351,"7,577,105",8.405553541,55.69408451
Virginia,2006,5.018364655,36.46299024,16.59892364,"7,673,725",6.96357601,56.96277407
Virginia,2007,5.119871828,40.98438946,16.8887626,"7,751,000",7.342139793,57.20674172
Virginia,2008,4.914367515,35.77013039,16.25143492,"7,833,496",7.008411908,53.39561596
Virginia,2009,4.878853323,30.76703351,12.6796181,"7,925,937",6.945224563,51.06611405
Virginia,2010,5.003691749,33.69566991,12.90573118,"8,001,024",7.195553482,50.90944849
Washington,1990,3.195891488,7.507395759,16.97415965,"4,903,043",3.545996376,40.95153281
Washington,1991,3.286596004,7.928673081,16.02704902,"5,025,624",3.834645909,41.55515615
Washington,1992,2.757777026,10.18216536,18.29199465,"5,160,757",3.494228042,46.10254021
Washington,1993,3.13452439,10.26573161,16.15591405,"5,278,842",4.163506329,42.23487914
Washington,1994,3.114006935,11.92781886,18.45873293,"5,375,161",4.214367516,43.19693691
Washington,1995,3.192292699,8.348465871,17.9055549,"5,481,027",4.106079885,45.25546358
Washington,1996,3.298308326,10.70674447,18.96192048,"5,569,753",4.726923298,44.65330356
Washington,1997,3.294081252,8.992812964,17.18340651,"5,674,747",4.821918671,45.72599839
Washington,1998,3.103142002,11.63790054,22.43059852,"5,769,562",4.726241373,43.0738314
Washington,1999,3.531855795,10.61884267,22.8800088,"5,842,564",5.300949168,43.89746381
Washington,2000,3.459430158,14.00156602,17.15008428,"5,894,121",5.202383381,44.7568442
Washington,2001,3.894649727,13.89902957,13.0713764,"5,985,722",5.990065762,42.77618717
Washington,2002,3.336936611,11.3309968,11.66762089,"6,052,349",5.516668498,41.50192141
Washington,2003,3.268842196,13.94285097,11.620062,"6,104,115",4.92457428,41.34557022
Washington,2004,3.137461535,13.90889575,12.37138111,"6,178,645",4.886044586,43.26193532
Washington,2005,3.326079466,13.93771675,13.43713012,"6,257,305",5.02897835,43.55545281
Washington,2006,3.409186099,9.491041572,14.68846231,"6,370,753",5.083336562,44.82256821
Washington,2007,3.433039363,11.77231665,14.56699175,"6,461,587",5.236011213,47.85114922
Washington,2008,3.877999985,12.65855583,14.98487486,"6,562,231",5.605414057,43.54172132
Washington,2009,3.83157668,12.54306521,13.88075205,"6,667,426",5.620412271,42.46616247
Washington,2010,3.842097264,12.97877609,12.54201029,"6,724,540",5.12189829,42.15226523
West Virginia,1990,1.970008528,70.05889606,18.60264739,"1,792,548",2.409529801,10.37387574
West Virginia,1991,1.808682209,65.11351835,16.20464058,"1,798,735",2.332892597,10.23941016
West Virginia,1992,1.853835952,66.89616067,15.29384047,"1,806,451",2.465744002,11.10950932
West Virginia,1993,1.829651009,67.01950471,15.49800634,"1,817,539",2.535026138,11.51956558
West Virginia,1994,1.827100813,73.15699858,16.38732878,"1,820,421",2.531930497,12.10922634
West Virginia,1995,1.785519981,72.74054991,15.09445789,"1,823,700",2.43652966,12.23572555
West Virginia,1996,1.959366805,77.79149726,13.50989265,"1,822,808",2.656085416,11.01339018
West Virginia,1997,1.883888004,81.79611269,12.30167855,"1,819,113",2.643699372,12.02817643
West Virginia,1998,1.973891267,81.14364599,14.7069655,"1,815,609",2.262447813,12.62740626
West Virginia,1999,2.091533439,84.4180858,13.13068507,"1,811,799",2.4023301,12.30064079
West Virginia,2000,2.179003369,83.06302041,13.21826644,"1,808,344",2.384832957,12.69500854
West Virginia,2001,1.928359717,73.71055379,13.43174394,"1,801,481",2.415136409,12.50221676
West Virginia,2002,1.667737854,85.41400808,14.89816999,"1,805,414",2.211858803,12.34075258
West Virginia,2003,1.792317735,84.53066238,12.62253185,"1,812,295",2.290647892,11.67631451
West Virginia,2004,1.726479169,80.68323826,13.4606489,"1,816,438",2.2714822,12.42814809
West Virginia,2005,1.754884068,83.75363273,12.31360376,"1,820,492",2.129008172,12.58843834
West Virginia,2006,1.586825494,84.1824441,12.54525825,"1,827,912",2.001114142,12.54155292
West Virginia,2007,1.556185106,85.48171564,13.62985018,"1,834,052",1.896144438,12.47611819
West Virginia,2008,1.565462398,83.11123515,13.18457107,"1,840,310",1.935303297,11.06577433
West Virginia,2009,1.545569029,64.84509735,9.50569969,"1,847,775",1.825174414,11.336837
West Virginia,2010,1.583155365,73.10476744,10.41631699,"1,852,994",1.892194734,11.65929909
Wisconsin,1990,4.816156085,33.21606571,14.35956053,"4,904,562",9.45304655,24.2951917
Wisconsin,1991,5.017415035,34.42342476,14.62315982,"4,964,343",10.1400607,24.11550438
Wisconsin,1992,4.827639413,33.57639592,14.53925129,"5,025,398",9.872012467,24.65568931
Wisconsin,1993,5.153907327,34.62137461,15.37312901,"5,084,889",10.60721675,25.51902163
Wisconsin,1994,5.111712496,36.28023124,15.84162157,"5,133,678",10.14752732,26.94273916
Wisconsin,1995,5.477840478,38.1079918,15.90271148,"5,184,836",10.29410638,27.47966752
Wisconsin,1996,5.997371957,40.00346774,16.11679445,"5,229,986",11.50078924,27.89705007
Wisconsin,1997,5.91499607,43.18792139,16.6547599,"5,266,213",10.36623535,28.03344714
Wisconsin,1998,5.558642082,41.35820031,15.47266416,"5,297,672",8.938027333,29.62611285
Wisconsin,1999,5.675186316,42.09104955,17.01609924,"5,332,666",10.04740369,30.3600372
Wisconsin,2000,5.6135191,43.74500819,17.80374641,"5,363,675",10.23836908,29.77548039
Wisconsin,2001,5.389994147,43.39939886,17.00065363,"5,406,835",9.747749467,29.6425809
Wisconsin,2002,5.796870884,43.07221697,17.28623552,"5,445,162",10.46235398,29.73935472
Wisconsin,2003,6.08206365,42.94752614,15.3459338,"5,479,203",10.56908823,29.1975351
Wisconsin,2004,5.673006272,44.13289742,16.1303685,"5,514,026",10.14577626,30.74504347
Wisconsin,2005,6.173085261,48.08889372,15.58035805,"5,546,166",9.901882683,30.27121258
Wisconsin,2006,5.283717474,42.58094963,14.94265286,"5,577,655",8.914944232,30.79371196
Wisconsin,2007,5.521209686,43.35804135,15.10096155,"5,610,775",9.411398241,31.08194097
Wisconsin,2008,6.421622606,43.85426079,14.51824005,"5,640,996",10.17142814,30.62807016
Wisconsin,2009,5.796282754,39.07758892,12.73264342,"5,669,264",9.285382059,29.64922481
Wisconsin,2010,5.173907392,42.10235277,12.88870311,"5,686,986",8.623877416,30.35706851
Wyoming,1990,0.855347484,40.04834757,10.37763159,"453,690",0.824987739,5.773094983
Wyoming,1991,0.932109514,39.07550752,9.911581998,"459,260",0.876496746,5.29907568
Wyoming,1992,0.748594603,42.79644183,11.92134781,"466,251",0.763590373,5.573774086
Wyoming,1993,0.970987815,40.86425042,10.31339506,"473,081",0.876782861,5.968105779
Wyoming,1994,1.005718079,42.89425597,10.62070167,"480,283",0.818826532,5.855469987
Wyoming,1995,0.944925264,40.27488244,10.019644,"485,160",0.853810465,6.774298846
Wyoming,1996,1.302817867,41.0898431,10.20609716,"488,167",0.942743439,6.777528616
Wyoming,1997,0.934929932,40.76292897,10.38282132,"489,451",0.806530915,6.891325478
Wyoming,1998,0.939112826,43.9704509,10.6010729,"490,787",0.776686867,7.094830043
Wyoming,1999,0.906424394,42.23441651,9.931921423,"491,780",0.757965679,8.094685619
Wyoming,2000,0.997026378,43.5541691,9.75103845,"493,782",0.815504209,7.611240937
Wyoming,2001,1.001571484,43.53425838,9.905504206,"494,657",0.790013953,7.772199923
Wyoming,2002,0.943649593,42.03997589,10.12448877,"500,017",0.90636492,7.71682337
Wyoming,2003,0.89205035,43.131623,10.16728605,"503,453",0.834026519,8.381423559
Wyoming,2004,0.905588563,43.62328661,9.990480935,"509,106",0.832318467,8.126074937
Wyoming,2005,0.850550523,42.8559824,9.907530887,"514,157",0.810768928,8.34808343
Wyoming,2006,0.825412493,42.58163816,10.87274084,"522,667",0.798091396,8.62682601
Wyoming,2007,0.855697581,43.05375728,12.42751493,"534,876",0.926465126,8.885876261
Wyoming,2008,0.864511845,43.52042298,12.45530434,"546,043",0.960490098,8.977521497
Wyoming,2009,0.882305111,41.46701261,11.84362451,"559,851",0.950921469,8.433888482
Wyoming,2010,0.95333207,42.35856818,12.13862269,"563,626",0.928791936,8.433522538
